,ChildBks,YouthBks,CookBks,DoItYBks,RefBks,ArtBks,GeogBks,ItalCook,ItalAtlas,ItalArt,Florence,cluster
0,0,0.0,0,1,0.0,0.0,1,0.0,0.0,0.0,0.0,1
1,1,0.0,0,0,0.0,0.0,0,0.0,0.0,0.0,0.0,0
2,0,0.0,0,0,0.0,0.0,0,0.0,0.0,0.0,0.0,0
3,1,0.0,1,0,0.0,0.0,1,0.0,0.0,0.0,0.0,2
4,0,0.0,1,0,0.0,0.0,1,0.0,0.0,0.0,0.0,2
5,1,0.0,0,0,0.0,0.0,0,0.0,0.0,0.0,0.0,0
6,0,0.0,0,0,0.0,0.0,0,0.0,0.0,0.0,0.0,0
7,0,0.0,0,0,0.0,0.0,0,0.0,0.0,0.0,0.0,0
8,1,0.0,0,1,0.0,0.0,0,0.0,0.0,0.0,0.0,0
9,1,0.0,1,0,0.0,0.0,1,0.0,0.0,0.0,0.0,2
10,0,0.0,0,0,0.0,0.0,0,0.0,0.0,0.0,0.0,0
11,0,0.0,1,0,0.0,0.0,1,0.0,0.0,0.0,0.0,2
12,1,0.0,0,0,0.0,0.0,0,0.0,0.0,0.0,0.0,0
13,1,0.0,0,1,0.0,0.0,0,0.0,0.0,0.0,0.0,0
14,1,0.0,1,0,0.0,0.0,0,0.0,0.0,0.0,0.0,2
15,1,0.0,1,0,0.0,0.0,1,0.0,0.0,0.0,0.0,2
16,0,0.0,1,0,0.0,0.0,0,0.0,0.0,0.0,0.0,2
17,0,0.0,1,0,0.0,0.0,0,0.0,0.0,0.0,0.0,2
18,1,0.0,1,1,0.0,0.0,1,0.0,0.0,0.0,0.0,1
19,1,0.0,1,0,0.0,0.0,0,0.0,0.0,0.0,0.0,2
20,0,0.0,0,0,0.0,0.0,0,0.0,0.0,0.0,0.0,0
21,1,0.0,0,0,0.0,0.0,0,0.0,0.0,0.0,0.0,0
22,0,0.0,0,0,0.0,0.0,0,0.0,0.0,0.0,0.0,0
23,0,0.0,1,0,0.0,0.0,1,0.0,0.0,0.0,0.0,2
24,0,0.0,1,0,0.0,0.0,0,0.0,0.0,0.0,0.0,2
25,0,0.0,1,1,0.0,0.0,1,0.0,0.0,0.0,0.0,1
26,1,0.0,1,1,0.0,0.0,1,0.0,0.0,0.0,0.0,1
27,0,0.0,0,0,0.0,0.0,0,0.0,0.0,0.0,0.0,0
28,1,0.0,1,0,0.0,0.0,1,0.0,0.0,0.0,0.0,2
29,0,0.0,1,0,0.0,0.0,0,0.0,0.0,0.0,0.0,2
30,1,0.0,0,0,0.0,0.0,1,0.0,0.0,0.0,0.0,1
31,0,0.0,0,0,0.0,0.0,0,0.0,0.0,0.0,0.0,0
32,0,0.0,1,1,0.0,0.0,0,0.0,0.0,0.0,0.0,0
33,0,0.0,1,1,0.0,0.0,1,0.0,0.0,0.0,0.0,1
34,0,0.0,0,0,0.0,0.0,0,0.0,0.0,0.0,0.0,0
35,1,0.0,1,0,0.0,0.0,1,0.0,0.0,0.0,0.0,2
36,0,0.0,1,0,0.0,0.0,0,0.0,0.0,0.0,0.0,2
37,0,0.0,0,1,0.0,0.0,0,0.0,0.0,0.0,0.0,0
38,0,0.0,1,0,0.0,0.0,0,0.0,0.0,0.0,0.0,2
39,0,0.0,0,0,0.0,0.0,0,0.0,0.0,0.0,0.0,0
40,1,0.0,1,1,0.0,0.0,1,0.0,0.0,0.0,0.0,1
41,0,0.0,0,1,0.0,0.0,0,0.0,0.0,0.0,0.0,0
42,1,0.0,1,1,0.0,0.0,0,0.0,0.0,0.0,0.0,0
43,1,0.0,0,1,0.0,0.0,0,0.0,0.0,0.0,0.0,0
44,0,0.0,0,0,0.0,0.0,0,0.0,0.0,0.0,0.0,0
45,0,0.0,0,0,0.0,0.0,0,0.0,0.0,0.0,0.0,0
46,1,0.0,1,0,0.0,0.0,0,0.0,0.0,0.0,0.0,2
47,1,0.0,0,0,0.0,0.0,0,0.0,0.0,0.0,0.0,0
48,1,0.0,1,1,0.0,0.0,1,0.0,0.0,0.0,0.0,1
49,0,0.0,0,0,0.0,0.0,0,0.0,0.0,0.0,0.0,0
50,1,0.0,1,1,0.0,0.0,0,0.0,0.0,0.0,0.0,0
51,0,0.0,0,0,0.0,0.0,0,0.0,0.0,0.0,0.0,0
52,1,0.0,1,1,0.0,0.0,1,0.0,0.0,0.0,0.0,1
53,0,0.0,0,0,0.0,0.0,0,0.0,0.0,0.0,0.0,0
54,1,0.0,1,0,0.0,0.0,1,0.0,0.0,0.0,0.0,2
55,1,0.0,1,1,0.0,0.0,0,0.0,0.0,0.0,0.0,0
56,1,0.0,1,1,0.0,0.0,1,0.0,0.0,0.0,0.0,1
57,0,0.0,0,0,0.0,0.0,0,0.0,0.0,0.0,0.0,0
58,0,0.0,1,1,0.0,0.0,1,0.0,0.0,0.0,0.0,1
59,0,0.0,0,0,0.0,0.0,0,0.0,0.0,0.0,0.0,0
60,0,0.0,0,0,0.0,0.0,0,0.0,0.0,0.0,0.0,0
61,1,0.0,1,0,0.0,0.0,0,0.0,0.0,0.0,0.0,2
62,1,0.0,0,0,0.0,0.0,0,0.0,0.0,0.0,0.0,0
63,1,0.0,1,0,0.0,0.0,1,0.0,0.0,0.0,0.0,2
64,1,0.0,0,0,0.0,0.0,0,0.0,0.0,0.0,0.0,0
65,0,0.0,0,0,0.0,0.0,0,0.0,0.0,0.0,0.0,0
66,0,0.0,0,0,0.0,0.0,0,0.0,0.0,0.0,0.0,0
67,0,0.0,1,0,0.0,0.0,0,0.0,0.0,0.0,0.0,2
68,1,0.0,0,0,0.0,0.0,1,0.0,0.0,0.0,0.0,1
69,0,0.0,0,0,0.0,0.0,0,0.0,0.0,0.0,0.0,0
70,1,0.0,1,0,0.0,0.0,1,0.0,0.0,0.0,0.0,2
71,0,0.0,1,1,0.0,0.0,0,0.0,0.0,0.0,0.0,0
72,1,0.0,0,0,0.0,0.0,0,0.0,0.0,0.0,0.0,0
73,1,0.0,1,1,0.0,0.0,1,0.0,0.0,0.0,0.0,1
74,1,0.0,0,0,0.0,0.0,0,0.0,0.0,0.0,0.0,0
75,0,0.0,0,0,0.0,0.0,0,0.0,0.0,0.0,0.0,0
76,0,0.0,0,1,0.0,0.0,0,0.0,0.0,0.0,0.0,0
77,0,0.0,1,0,0.0,0.0,0,0.0,0.0,0.0,0.0,2
78,1,0.0,0,0,0.0,0.0,1,0.0,0.0,0.0,0.0,1
79,0,0.0,1,0,0.0,0.0,0,0.0,0.0,0.0,0.0,2
80,0,0.0,1,0,0.0,0.0,1,0.0,0.0,0.0,0.0,2
81,0,0.0,0,0,0.0,0.0,0,0.0,0.0,0.0,0.0,0
82,0,0.0,0,0,0.0,0.0,0,0.0,0.0,0.0,0.0,0
83,1,0.0,1,1,0.0,0.0,0,0.0,0.0,0.0,0.0,0
84,1,0.0,1,0,0.0,0.0,1,0.0,0.0,0.0,0.0,2
85,1,0.0,0,0,0.0,0.0,1,0.0,0.0,0.0,0.0,1
86,0,0.0,0,0,0.0,0.0,0,0.0,0.0,0.0,0.0,0
87,0,0.0,0,0,0.0,0.0,1,0.0,0.0,0.0,0.0,1
88,0,0.0,0,0,0.0,0.0,0,0.0,0.0,0.0,0.0,0
89,1,0.0,0,0,0.0,0.0,0,0.0,0.0,0.0,0.0,0
90,0,0.0,0,1,0.0,0.0,0,0.0,0.0,0.0,0.0,0
91,0,0.0,0,1,0.0,0.0,0,0.0,0.0,0.0,0.0,0
92,0,0.0,0,0,0.0,0.0,0,0.0,0.0,0.0,0.0,0
93,1,0.0,1,1,0.0,0.0,1,0.0,0.0,0.0,0.0,1
94,1,0.0,1,1,0.0,0.0,1,0.0,0.0,0.0,0.0,1
95,1,0.0,0,0,0.0,0.0,0,0.0,0.0,0.0,0.0,0
96,1,0.0,0,0,0.0,0.0,0,0.0,0.0,0.0,0.0,0
97,1,0.0,1,0,0.0,0.0,1,0.0,0.0,0.0,0.0,2
98,1,0.0,1,1,0.0,0.0,1,0.0,0.0,0.0,0.0,1
99,1,0.0,1,1,0.0,0.0,1,0.0,0.0,0.0,0.0,1
100,1,0.0,1,1,0.0,0.0,1,0.0,0.0,0.0,0.0,1
101,1,0.0,0,0,0.0,0.0,0,0.0,0.0,0.0,0.0,0
102,0,0.0,0,0,0.0,0.0,1,0.0,0.0,0.0,0.0,1
103,0,0.0,1,0,0.0,0.0,0,0.0,0.0,0.0,0.0,2
104,0,0.0,0,1,0.0,0.0,0,0.0,0.0,0.0,0.0,0
105,0,0.0,1,1,0.0,0.0,0,0.0,0.0,0.0,0.0,0
106,1,0.0,1,1,0.0,0.0,1,0.0,0.0,0.0,0.0,1
107,0,0.0,1,0,0.0,0.0,0,0.0,0.0,0.0,0.0,2
108,0,0.0,0,0,0.0,0.0,0,0.0,0.0,0.0,0.0,0
109,0,0.0,0,0,0.0,0.0,0,0.0,0.0,0.0,0.0,0
110,1,0.0,0,1,0.0,0.0,1,0.0,0.0,0.0,0.0,1
111,0,0.0,1,1,0.0,0.0,0,0.0,0.0,0.0,0.0,0
112,0,0.0,0,0,0.0,0.0,0,0.0,0.0,0.0,0.0,0
113,0,0.0,0,0,0.0,0.0,0,0.0,0.0,0.0,0.0,0
114,0,0.0,0,0,0.0,0.0,1,0.0,0.0,0.0,0.0,1
115,1,0.0,1,0,0.0,0.0,0,0.0,0.0,0.0,0.0,2
116,1,0.0,0,1,0.0,0.0,0,0.0,0.0,0.0,0.0,0
117,0,0.0,0,0,0.0,0.0,0,0.0,0.0,0.0,0.0,0
118,0,0.0,0,0,0.0,0.0,0,0.0,0.0,0.0,0.0,0
119,0,0.0,0,0,0.0,0.0,1,0.0,0.0,0.0,0.0,1
120,0,0.0,1,1,0.0,0.0,1,0.0,0.0,0.0,0.0,1
121,0,0.0,0,0,0.0,0.0,0,0.0,0.0,0.0,0.0,0
122,1,0.0,0,0,0.0,0.0,0,0.0,0.0,0.0,0.0,0
123,0,0.0,0,0,0.0,0.0,0,0.0,0.0,0.0,0.0,0
124,0,0.0,0,0,0.0,0.0,0,0.0,0.0,0.0,0.0,0
125,1,0.0,1,1,0.0,0.0,0,0.0,0.0,0.0,0.0,0
126,1,0.0,0,0,0.0,0.0,1,0.0,0.0,0.0,0.0,1
127,1,0.0,1,1,0.0,0.0,1,0.0,0.0,0.0,0.0,1
128,0,0.0,0,0,0.0,0.0,0,0.0,0.0,0.0,0.0,0
129,0,0.0,0,0,0.0,0.0,0,0.0,0.0,0.0,0.0,0
130,0,0.0,0,0,0.0,0.0,0,0.0,0.0,0.0,0.0,0
131,0,0.0,1,0,0.0,0.0,0,0.0,0.0,0.0,0.0,2
132,0,0.0,1,0,0.0,0.0,0,0.0,0.0,0.0,0.0,2
133,0,0.0,0,0,0.0,0.0,0,0.0,0.0,0.0,0.0,0
134,0,0.0,1,0,0.0,0.0,0,0.0,0.0,0.0,0.0,2
135,0,0.0,0,0,0.0,0.0,0,0.0,0.0,0.0,0.0,0
136,0,0.0,0,0,0.0,0.0,0,0.0,0.0,0.0,0.0,0
137,0,0.0,0,0,0.0,0.0,1,0.0,0.0,0.0,0.0,1
138,0,0.0,1,1,0.0,0.0,0,0.0,0.0,0.0,0.0,0
139,0,0.0,0,0,0.0,0.0,0,0.0,0.0,0.0,0.0,0
140,1,0.0,0,1,0.0,0.0,0,0.0,0.0,0.0,0.0,0
141,1,0.0,0,0,0.0,0.0,0,0.0,0.0,0.0,0.0,0
142,1,0.0,0,0,0.0,0.0,0,0.0,0.0,0.0,0.0,0
143,1,0.0,0,1,0.0,0.0,1,0.0,0.0,0.0,0.0,1
144,0,0.0,1,0,0.0,0.0,0,0.0,0.0,0.0,0.0,2
145,0,0.0,0,0,0.0,0.0,1,0.0,0.0,0.0,0.0,1
146,1,0.0,1,1,0.0,0.0,1,0.0,0.0,0.0,0.0,1
147,0,0.0,1,0,0.0,0.0,0,0.0,0.0,0.0,0.0,2
148,0,0.0,0,0,0.0,0.0,0,0.0,0.0,0.0,0.0,0
149,0,0.0,1,0,0.0,0.0,0,0.0,0.0,0.0,0.0,2
150,0,0.0,0,1,0.0,0.0,0,0.0,0.0,0.0,0.0,0
151,0,0.0,0,0,0.0,0.0,0,0.0,0.0,0.0,0.0,0
152,1,0.0,0,0,0.0,0.0,0,0.0,0.0,0.0,0.0,0
153,0,0.0,0,0,0.0,0.0,0,0.0,0.0,0.0,0.0,0
154,1,0.0,0,0,0.0,0.0,1,0.0,0.0,0.0,0.0,1
155,0,0.0,0,0,0.0,0.0,0,0.0,0.0,0.0,0.0,0
156,1,0.0,1,0,0.0,0.0,0,0.0,0.0,0.0,0.0,2
157,1,0.0,1,0,0.0,0.0,0,0.0,0.0,0.0,0.0,2
158,1,0.0,1,0,0.0,0.0,1,0.0,0.0,0.0,0.0,2
159,1,0.0,1,1,0.0,0.0,1,0.0,0.0,0.0,0.0,1
160,1,0.0,1,1,0.0,0.0,0,0.0,0.0,0.0,0.0,0
161,0,0.0,1,0,0.0,0.0,0,0.0,0.0,0.0,0.0,2
162,0,0.0,0,0,0.0,0.0,1,0.0,0.0,0.0,0.0,1
163,0,0.0,0,0,0.0,0.0,0,0.0,0.0,0.0,0.0,0
164,0,0.0,0,0,0.0,0.0,0,0.0,0.0,0.0,0.0,0
165,0,0.0,0,0,0.0,0.0,0,0.0,0.0,0.0,0.0,0
166,0,0.0,0,0,0.0,0.0,0,0.0,0.0,0.0,0.0,0
167,0,0.0,1,1,0.0,0.0,0,0.0,0.0,0.0,0.0,0
168,0,0.0,0,0,0.0,0.0,0,0.0,0.0,0.0,0.0,0
169,1,0.0,0,0,0.0,0.0,0,0.0,0.0,0.0,0.0,0
170,0,0.0,0,1,0.0,0.0,0,0.0,0.0,0.0,0.0,0
171,0,0.0,0,0,0.0,0.0,0,0.0,0.0,0.0,0.0,0
172,1,0.0,1,0,0.0,0.0,1,0.0,0.0,0.0,0.0,2
173,0,0.0,0,0,0.0,0.0,0,0.0,0.0,0.0,0.0,0
174,1,0.0,1,1,0.0,0.0,0,0.0,0.0,0.0,0.0,0
175,1,0.0,1,0,0.0,0.0,0,0.0,0.0,0.0,0.0,2
176,0,0.0,1,0,0.0,0.0,0,0.0,0.0,0.0,0.0,2
177,1,0.0,0,0,0.0,0.0,0,0.0,0.0,0.0,0.0,0
178,0,0.0,0,0,0.0,0.0,0,0.0,0.0,0.0,0.0,0
179,1,0.0,0,0,0.0,0.0,0,0.0,0.0,0.0,0.0,0
180,0,0.0,0,0,0.0,0.0,0,0.0,0.0,0.0,0.0,0
181,1,0.0,1,1,0.0,0.0,0,0.0,0.0,0.0,0.0,0
182,0,0.0,0,0,0.0,0.0,0,0.0,0.0,0.0,0.0,0
183,0,0.0,0,1,0.0,0.0,0,0.0,0.0,0.0,0.0,0
184,0,0.0,0,1,0.0,0.0,0,0.0,0.0,0.0,0.0,0
185,1,0.0,1,1,0.0,0.0,0,0.0,0.0,0.0,0.0,0
186,1,0.0,1,1,0.0,0.0,0,0.0,0.0,0.0,0.0,0
187,0,0.0,0,0,0.0,0.0,0,0.0,0.0,0.0,0.0,0
188,0,0.0,0,0,0.0,0.0,0,0.0,0.0,0.0,0.0,0
189,0,0.0,0,0,0.0,0.0,0,0.0,0.0,0.0,0.0,0
190,1,0.0,0,0,0.0,0.0,0,0.0,0.0,0.0,0.0,0
191,0,0.0,1,0,0.0,0.0,1,0.0,0.0,0.0,0.0,2
192,1,0.0,0,0,0.0,0.0,0,0.0,0.0,0.0,0.0,0
193,1,0.0,1,0,0.0,0.0,0,0.0,0.0,0.0,0.0,2
194,0,0.0,0,0,0.0,0.0,0,0.0,0.0,0.0,0.0,0
195,0,0.0,0,0,0.0,0.0,0,0.0,0.0,0.0,0.0,0
196,0,0.0,0,0,0.0,0.0,1,0.0,0.0,0.0,0.0,1
197,1,0.0,1,1,0.0,0.0,0,0.0,0.0,0.0,0.0,0
198,1,0.0,1,1,0.0,0.0,0,0.0,0.0,0.0,0.0,0
199,0,0.0,1,0,0.0,0.0,0,0.0,0.0,0.0,0.0,2
200,1,0.0,1,1,0.0,0.0,1,0.0,0.0,0.0,0.0,1
201,1,0.0,1,0,0.0,0.0,1,0.0,0.0,0.0,0.0,2
202,0,0.0,0,0,0.0,0.0,0,0.0,0.0,0.0,0.0,0
203,0,0.0,1,0,0.0,0.0,0,0.0,0.0,0.0,0.0,2
204,0,0.0,0,1,0.0,0.0,1,0.0,0.0,0.0,0.0,1
205,1,0.0,0,1,0.0,0.0,1,0.0,0.0,0.0,0.0,1
206,1,0.0,0,1,0.0,0.0,1,0.0,0.0,0.0,0.0,1
207,1,0.0,1,0,0.0,0.0,1,0.0,0.0,0.0,0.0,2
208,1,0.0,1,1,0.0,0.0,0,0.0,0.0,0.0,0.0,0
209,1,0.0,0,0,0.0,0.0,1,0.0,0.0,0.0,0.0,1
210,0,0.0,0,0,0.0,0.0,0,0.0,0.0,0.0,0.0,0
211,0,0.0,1,0,0.0,0.0,0,0.0,0.0,0.0,0.0,2
212,0,0.0,0,1,0.0,0.0,0,0.0,0.0,0.0,0.0,0
213,0,0.0,0,0,0.0,0.0,0,0.0,0.0,0.0,0.0,0
214,0,0.0,1,0,0.0,0.0,1,0.0,0.0,0.0,0.0,2
215,1,0.0,0,1,0.0,0.0,0,0.0,0.0,0.0,0.0,0
216,1,0.0,1,0,0.0,0.0,1,0.0,0.0,0.0,0.0,2
217,0,0.0,0,0,0.0,0.0,0,0.0,0.0,0.0,0.0,0
218,0,0.0,0,0,0.0,0.0,0,0.0,0.0,0.0,0.0,0
219,0,0.0,0,0,0.0,0.0,0,0.0,0.0,0.0,0.0,0
220,1,0.0,1,1,0.0,0.0,0,0.0,0.0,0.0,0.0,0
221,1,0.0,0,0,0.0,0.0,1,0.0,0.0,0.0,0.0,1
222,0,0.0,0,0,0.0,0.0,0,0.0,0.0,0.0,0.0,0
223,0,0.0,1,0,0.0,0.0,0,0.0,0.0,0.0,0.0,2
224,1,0.0,1,0,0.0,0.0,1,0.0,0.0,0.0,0.0,2
225,1,0.0,0,1,0.0,0.0,1,0.0,0.0,0.0,0.0,1
226,1,0.0,0,0,0.0,0.0,1,0.0,0.0,0.0,0.0,1
227,0,0.0,0,1,0.0,0.0,0,0.0,0.0,0.0,0.0,0
228,1,0.0,1,1,0.0,0.0,1,0.0,0.0,0.0,0.0,1
229,0,0.0,1,0,0.0,0.0,0,0.0,0.0,0.0,0.0,2
230,0,0.0,0,1,0.0,0.0,0,0.0,0.0,0.0,0.0,0
231,0,0.0,0,1,0.0,0.0,1,0.0,0.0,0.0,0.0,1
232,1,0.0,0,0,0.0,0.0,0,0.0,0.0,0.0,0.0,0
233,1,0.0,0,0,0.0,0.0,0,0.0,0.0,0.0,0.0,0
234,0,0.0,0,0,0.0,0.0,0,0.0,0.0,0.0,0.0,0
235,0,0.0,0,0,0.0,0.0,0,0.0,0.0,0.0,0.0,0
236,0,0.0,1,0,0.0,0.0,0,0.0,0.0,0.0,0.0,2
237,1,0.0,1,0,0.0,0.0,0,0.0,0.0,0.0,0.0,2
238,0,0.0,0,0,0.0,0.0,0,0.0,0.0,0.0,0.0,0
239,0,0.0,0,1,0.0,0.0,0,0.0,0.0,0.0,0.0,0
240,0,0.0,0,0,0.0,0.0,0,0.0,0.0,0.0,0.0,0
241,1,0.0,0,0,0.0,0.0,0,0.0,0.0,0.0,0.0,0
242,1,0.0,1,0,0.0,0.0,1,0.0,0.0,0.0,0.0,2
243,1,0.0,0,0,0.0,0.0,0,0.0,0.0,0.0,0.0,0
244,1,0.0,0,0,0.0,0.0,0,0.0,0.0,0.0,0.0,0
245,1,0.0,0,0,0.0,0.0,1,0.0,0.0,0.0,0.0,1
246,1,0.0,1,0,0.0,0.0,0,0.0,0.0,0.0,0.0,2
247,1,0.0,0,0,0.0,0.0,0,0.0,0.0,0.0,0.0,0
248,0,0.0,0,0,0.0,0.0,0,0.0,0.0,0.0,0.0,0
249,1,0.0,0,0,0.0,0.0,0,0.0,0.0,0.0,0.0,0
250,1,0.0,0,0,0.0,0.0,0,0.0,0.0,0.0,0.0,0
251,0,0.0,0,0,0.0,0.0,0,0.0,0.0,0.0,0.0,0
252,1,0.0,1,1,0.0,0.0,0,0.0,0.0,0.0,0.0,0
253,0,0.0,0,0,0.0,0.0,0,0.0,0.0,0.0,0.0,0
254,0,0.0,0,1,0.0,0.0,0,0.0,0.0,0.0,0.0,0
255,1,0.0,0,0,0.0,0.0,0,0.0,0.0,0.0,0.0,0
256,0,0.0,1,1,0.0,0.0,0,0.0,0.0,0.0,0.0,0
257,0,0.0,1,0,0.0,0.0,0,0.0,0.0,0.0,0.0,2
258,0,0.0,0,0,0.0,0.0,0,0.0,0.0,0.0,0.0,0
259,0,0.0,0,0,0.0,0.0,0,0.0,0.0,0.0,0.0,0
260,0,0.0,0,0,0.0,0.0,0,0.0,0.0,0.0,0.0,0
261,0,0.0,1,1,0.0,0.0,0,0.0,0.0,0.0,0.0,0
262,1,0.0,0,0,0.0,0.0,0,0.0,0.0,0.0,0.0,0
263,0,0.0,0,0,0.0,0.0,0,0.0,0.0,0.0,0.0,0
264,1,0.0,0,0,0.0,0.0,0,0.0,0.0,0.0,0.0,0
265,0,0.0,1,0,0.0,0.0,0,0.0,0.0,0.0,0.0,2
266,1,0.0,0,1,0.0,0.0,1,0.0,0.0,0.0,0.0,1
267,0,0.0,0,0,0.0,0.0,0,0.0,0.0,0.0,0.0,0
268,1,0.0,0,0,0.0,0.0,0,0.0,0.0,0.0,0.0,0
269,1,0.0,0,0,0.0,0.0,0,0.0,0.0,0.0,0.0,0
270,1,0.0,1,0,0.0,0.0,0,0.0,0.0,0.0,0.0,2
271,1,0.0,1,1,0.0,0.0,0,0.0,0.0,0.0,0.0,0
272,1,0.0,1,1,0.0,0.0,0,0.0,0.0,0.0,0.0,0
273,0,0.0,0,0,0.0,0.0,1,0.0,0.0,0.0,0.0,1
274,0,0.0,1,0,0.0,0.0,0,0.0,0.0,0.0,0.0,2
275,0,0.0,0,0,0.0,0.0,0,0.0,0.0,0.0,0.0,0
276,0,0.0,0,0,0.0,0.0,1,0.0,0.0,0.0,0.0,1
277,0,0.0,0,0,0.0,0.0,0,0.0,0.0,0.0,0.0,0
278,0,0.0,0,0,0.0,0.0,0,0.0,0.0,0.0,0.0,0
279,1,0.0,0,0,0.0,0.0,0,0.0,0.0,0.0,0.0,0
280,0,0.0,0,0,0.0,0.0,0,0.0,0.0,0.0,0.0,0
281,0,0.0,0,0,0.0,0.0,0,0.0,0.0,0.0,0.0,0
282,0,0.0,0,0,0.0,0.0,0,0.0,0.0,0.0,0.0,0
283,0,0.0,0,0,0.0,0.0,0,0.0,0.0,0.0,0.0,0
284,1,0.0,1,1,0.0,0.0,1,0.0,0.0,0.0,0.0,1
285,0,0.0,0,0,0.0,0.0,0,0.0,0.0,0.0,0.0,0
286,0,0.0,0,0,0.0,0.0,0,0.0,0.0,0.0,0.0,0
287,0,0.0,0,1,0.0,0.0,0,0.0,0.0,0.0,0.0,0
288,0,0.0,0,1,0.0,0.0,0,0.0,0.0,0.0,0.0,0
289,0,0.0,1,0,0.0,0.0,0,0.0,0.0,0.0,0.0,2
290,0,0.0,0,0,0.0,0.0,0,0.0,0.0,0.0,0.0,0
291,1,0.0,0,0,0.0,0.0,1,0.0,0.0,0.0,0.0,1
292,1,0.0,0,1,0.0,0.0,0,0.0,0.0,0.0,0.0,0
293,1,0.0,0,1,0.0,0.0,1,0.0,0.0,0.0,0.0,1
294,1,0.0,0,0,0.0,0.0,1,0.0,0.0,0.0,0.0,1
295,1,0.0,0,0,0.0,0.0,1,0.0,0.0,0.0,0.0,1
296,1,0.0,0,1,0.0,0.0,0,0.0,0.0,0.0,0.0,0
297,1,0.0,1,1,0.0,0.0,0,0.0,0.0,0.0,0.0,0
298,1,0.0,0,0,0.0,0.0,0,0.0,0.0,0.0,0.0,0
299,1,0.0,1,0,0.0,0.0,0,0.0,0.0,0.0,0.0,2
300,0,0.0,0,1,0.0,0.0,0,0.0,0.0,0.0,0.0,0
301,1,0.0,1,1,0.0,0.0,1,0.0,0.0,0.0,0.0,1
302,1,0.0,1,0,0.0,0.0,1,0.0,0.0,0.0,0.0,2
303,0,0.0,1,0,0.0,0.0,0,0.0,0.0,0.0,0.0,2
304,1,0.0,0,1,0.0,0.0,1,0.0,0.0,0.0,0.0,1
305,0,0.0,0,0,0.0,0.0,0,0.0,0.0,0.0,0.0,0
306,0,0.0,0,0,0.0,0.0,0,0.0,0.0,0.0,0.0,0
307,1,0.0,1,1,0.0,0.0,1,0.0,0.0,0.0,0.0,1
308,0,0.0,1,0,0.0,0.0,0,0.0,0.0,0.0,0.0,2
309,0,0.0,1,1,0.0,0.0,0,0.0,0.0,0.0,0.0,0
310,1,0.0,1,0,0.0,0.0,1,0.0,0.0,0.0,0.0,2
311,0,0.0,0,0,0.0,0.0,0,0.0,0.0,0.0,0.0,0
312,0,0.0,1,0,0.0,0.0,0,0.0,0.0,0.0,0.0,2
313,0,0.0,0,0,0.0,0.0,0,0.0,0.0,0.0,0.0,0
314,0,0.0,1,1,0.0,0.0,1,0.0,0.0,0.0,0.0,1
315,1,0.0,0,0,0.0,0.0,0,0.0,0.0,0.0,0.0,0
316,0,0.0,0,0,0.0,0.0,1,0.0,0.0,0.0,0.0,1
317,0,0.0,0,0,0.0,0.0,0,0.0,0.0,0.0,0.0,0
318,1,0.0,0,0,0.0,0.0,0,0.0,0.0,0.0,0.0,0
319,0,0.0,0,1,0.0,0.0,0,0.0,0.0,0.0,0.0,0
320,1,0.0,0,0,0.0,0.0,0,0.0,0.0,0.0,0.0,0
321,0,0.0,0,0,0.0,0.0,0,0.0,0.0,0.0,0.0,0
322,0,0.0,0,0,0.0,0.0,0,0.0,0.0,0.0,0.0,0
323,0,0.0,0,0,0.0,0.0,0,0.0,0.0,0.0,0.0,0
324,0,0.0,0,0,0.0,0.0,1,0.0,0.0,0.0,0.0,1
325,1,0.0,0,0,0.0,0.0,0,0.0,0.0,0.0,0.0,0
326,1,0.0,0,1,0.0,0.0,0,0.0,0.0,0.0,0.0,0
327,1,0.0,1,1,0.0,0.0,1,0.0,0.0,0.0,0.0,1
328,0,0.0,0,1,0.0,0.0,0,0.0,0.0,0.0,0.0,0
329,0,0.0,0,0,0.0,0.0,0,0.0,0.0,0.0,0.0,0
330,0,0.0,0,0,0.0,0.0,1,0.0,0.0,0.0,0.0,1
331,0,0.0,0,0,0.0,0.0,0,0.0,0.0,0.0,0.0,0
332,0,0.0,0,0,0.0,0.0,0,0.0,0.0,0.0,0.0,0
333,0,0.0,0,0,0.0,0.0,0,0.0,0.0,0.0,0.0,0
334,0,0.0,0,1,0.0,0.0,1,0.0,0.0,0.0,0.0,1
335,1,0.0,1,0,0.0,0.0,0,0.0,0.0,0.0,0.0,2
336,0,0.0,1,0,0.0,0.0,0,0.0,0.0,0.0,0.0,2
337,0,0.0,0,0,0.0,0.0,0,0.0,0.0,0.0,0.0,0
338,0,0.0,0,0,0.0,0.0,0,0.0,0.0,0.0,0.0,0
339,1,0.0,1,1,0.0,0.0,0,0.0,0.0,0.0,0.0,0
340,0,0.0,1,0,0.0,0.0,0,0.0,0.0,0.0,0.0,2
341,1,0.0,0,0,0.0,0.0,0,0.0,0.0,0.0,0.0,0
342,1,0.0,1,1,0.0,0.0,1,0.0,0.0,0.0,0.0,1
343,0,0.0,0,0,0.0,0.0,0,0.0,0.0,0.0,0.0,0
344,1,0.0,1,1,0.0,0.0,0,0.0,0.0,0.0,0.0,0
345,0,0.0,0,1,0.0,0.0,0,0.0,0.0,0.0,0.0,0
346,0,0.0,0,0,0.0,0.0,0,0.0,0.0,0.0,0.0,0
347,1,0.0,1,1,0.0,0.0,1,0.0,0.0,0.0,0.0,1
348,0,0.0,0,0,0.0,0.0,0,0.0,0.0,0.0,0.0,0
349,1,0.0,1,1,0.0,0.0,1,0.0,0.0,0.0,0.0,1
350,1,0.0,1,0,0.0,0.0,1,0.0,0.0,0.0,0.0,2
351,0,0.0,0,1,0.0,0.0,0,0.0,0.0,0.0,0.0,0
352,1,0.0,0,0,0.0,0.0,0,0.0,0.0,0.0,0.0,0
353,1,0.0,1,1,0.0,0.0,0,0.0,0.0,0.0,0.0,0
354,0,0.0,0,0,0.0,0.0,0,0.0,0.0,0.0,0.0,0
355,0,0.0,0,0,0.0,0.0,0,0.0,0.0,0.0,0.0,0
356,0,0.0,1,0,0.0,0.0,0,0.0,0.0,0.0,0.0,2
357,1,0.0,0,0,0.0,0.0,1,0.0,0.0,0.0,0.0,1
358,0,0.0,0,0,0.0,0.0,0,0.0,0.0,0.0,0.0,0
359,0,0.0,0,0,0.0,0.0,0,0.0,0.0,0.0,0.0,0
360,1,0.0,1,1,0.0,0.0,1,0.0,0.0,0.0,0.0,1
361,0,0.0,0,1,0.0,0.0,0,0.0,0.0,0.0,0.0,0
362,1,0.0,1,1,0.0,0.0,1,0.0,0.0,0.0,0.0,1
363,1,0.0,0,0,0.0,0.0,0,0.0,0.0,0.0,0.0,0
364,1,0.0,0,0,0.0,0.0,0,0.0,0.0,0.0,0.0,0
365,0,0.0,0,0,0.0,0.0,0,0.0,0.0,0.0,0.0,0
366,1,0.0,1,1,0.0,0.0,0,0.0,0.0,0.0,0.0,0
367,0,0.0,0,0,0.0,0.0,0,0.0,0.0,0.0,0.0,0
368,1,0.0,0,0,0.0,0.0,0,0.0,0.0,0.0,0.0,0
369,0,0.0,0,0,0.0,0.0,0,0.0,0.0,0.0,0.0,0
370,0,0.0,0,0,0.0,0.0,0,0.0,0.0,0.0,0.0,0
371,0,0.0,0,0,0.0,0.0,0,0.0,0.0,0.0,0.0,0
372,0,0.0,1,0,0.0,0.0,1,0.0,0.0,0.0,0.0,2
373,1,0.0,1,0,0.0,0.0,1,0.0,0.0,0.0,0.0,2
374,1,0.0,0,0,0.0,0.0,0,0.0,0.0,0.0,0.0,0
375,0,0.0,0,0,0.0,0.0,0,0.0,0.0,0.0,0.0,0
376,0,0.0,1,0,0.0,0.0,0,0.0,0.0,0.0,0.0,2
377,0,0.0,0,0,0.0,0.0,0,0.0,0.0,0.0,0.0,0
378,1,0.0,1,1,0.0,0.0,1,0.0,0.0,0.0,0.0,1
379,1,0.0,0,1,0.0,0.0,0,0.0,0.0,0.0,0.0,0
380,1,0.0,1,1,0.0,0.0,1,0.0,0.0,0.0,0.0,1
381,0,0.0,1,0,0.0,0.0,0,0.0,0.0,0.0,0.0,2
382,0,0.0,0,0,0.0,0.0,0,0.0,0.0,0.0,0.0,0
383,1,0.0,0,0,0.0,0.0,0,0.0,0.0,0.0,0.0,0
384,0,0.0,0,0,0.0,0.0,0,0.0,0.0,0.0,0.0,0
385,0,0.0,0,0,0.0,0.0,0,0.0,0.0,0.0,0.0,0
386,0,0.0,1,0,0.0,0.0,0,0.0,0.0,0.0,0.0,2
387,0,0.0,0,0,0.0,0.0,0,0.0,0.0,0.0,0.0,0
388,0,0.0,0,0,0.0,0.0,0,0.0,0.0,0.0,0.0,0
389,1,0.0,1,0,0.0,0.0,1,0.0,0.0,0.0,0.0,2
390,0,0.0,0,0,0.0,0.0,0,0.0,0.0,0.0,0.0,0
391,0,0.0,0,0,0.0,0.0,0,0.0,0.0,0.0,0.0,0
392,0,0.0,0,0,0.0,0.0,0,0.0,0.0,0.0,0.0,0
393,0,0.0,1,0,0.0,0.0,0,0.0,0.0,0.0,0.0,2
394,1,0.0,0,1,0.0,0.0,0,0.0,0.0,0.0,0.0,0
395,0,0.0,1,0,0.0,0.0,0,0.0,0.0,0.0,0.0,2
396,0,0.0,0,0,0.0,0.0,0,0.0,0.0,0.0,0.0,0
397,1,0.0,1,0,0.0,0.0,0,0.0,0.0,0.0,0.0,2
398,0,0.0,0,0,0.0,0.0,0,0.0,0.0,0.0,0.0,0
399,0,0.0,0,0,0.0,0.0,0,0.0,0.0,0.0,0.0,0
400,0,0.0,0,0,0.0,0.0,0,0.0,0.0,0.0,0.0,0
401,1,0.0,0,1,0.0,0.0,1,0.0,0.0,0.0,0.0,1
402,0,0.0,0,0,0.0,0.0,1,0.0,0.0,0.0,0.0,1
403,0,0.0,0,0,0.0,0.0,0,0.0,0.0,0.0,0.0,0
404,1,0.0,1,1,0.0,0.0,0,0.0,0.0,0.0,0.0,0
405,1,0.0,1,1,0.0,0.0,0,0.0,0.0,0.0,0.0,0
406,0,0.0,1,0,0.0,0.0,0,0.0,0.0,0.0,0.0,2
407,1,0.0,0,0,0.0,0.0,1,0.0,0.0,0.0,0.0,1
408,0,0.0,0,1,0.0,0.0,0,0.0,0.0,0.0,0.0,0
409,0,0.0,0,0,0.0,0.0,0,0.0,0.0,0.0,0.0,0
410,0,0.0,0,0,0.0,0.0,0,0.0,0.0,0.0,0.0,0
411,1,0.0,1,1,0.0,0.0,0,0.0,0.0,0.0,0.0,0
412,1,0.0,0,0,0.0,0.0,0,0.0,0.0,0.0,0.0,0
413,1,0.0,0,0,0.0,0.0,0,0.0,0.0,0.0,0.0,0
414,0,0.0,0,0,0.0,0.0,0,0.0,0.0,0.0,0.0,0
415,0,0.0,0,0,0.0,0.0,0,0.0,0.0,0.0,0.0,0
416,0,0.0,1,1,0.0,0.0,0,0.0,0.0,0.0,0.0,0
417,0,0.0,0,0,0.0,0.0,0,0.0,0.0,0.0,0.0,0
418,1,0.0,1,1,0.0,0.0,0,0.0,0.0,0.0,0.0,0
419,0,0.0,0,0,0.0,0.0,0,0.0,0.0,0.0,0.0,0
420,1,0.0,1,1,0.0,0.0,0,0.0,0.0,0.0,0.0,0
421,1,0.0,0,0,0.0,0.0,0,0.0,0.0,0.0,0.0,0
422,0,0.0,0,0,0.0,0.0,0,0.0,0.0,0.0,0.0,0
423,0,0.0,0,0,0.0,0.0,0,0.0,0.0,0.0,0.0,0
424,0,0.0,0,0,0.0,0.0,0,0.0,0.0,0.0,0.0,0
425,0,0.0,0,1,0.0,0.0,0,0.0,0.0,0.0,0.0,0
426,1,0.0,0,0,0.0,0.0,0,0.0,0.0,0.0,0.0,0
427,1,0.0,0,0,0.0,0.0,0,0.0,0.0,0.0,0.0,0
428,1,0.0,1,1,0.0,0.0,0,0.0,0.0,0.0,0.0,0
429,0,0.0,0,0,0.0,0.0,0,0.0,0.0,0.0,0.0,0
430,0,0.0,1,0,0.0,0.0,0,0.0,0.0,0.0,0.0,2
431,0,0.0,0,0,0.0,0.0,1,0.0,0.0,0.0,0.0,1
432,0,0.0,0,0,0.0,0.0,0,0.0,0.0,0.0,0.0,0
433,0,0.0,0,0,0.0,0.0,0,0.0,0.0,0.0,0.0,0
434,1,0.0,0,0,0.0,0.0,0,0.0,0.0,0.0,0.0,0
435,0,0.0,0,0,0.0,0.0,0,0.0,0.0,0.0,0.0,0
436,0,0.0,0,1,0.0,0.0,0,0.0,0.0,0.0,0.0,0
437,1,0.0,0,0,0.0,0.0,0,0.0,0.0,0.0,0.0,0
438,0,0.0,1,1,0.0,0.0,1,0.0,0.0,0.0,0.0,1
439,0,0.0,0,0,0.0,0.0,0,0.0,0.0,0.0,0.0,0
440,1,0.0,0,0,0.0,0.0,0,0.0,0.0,0.0,0.0,0
441,1,0.0,1,0,0.0,0.0,1,0.0,0.0,0.0,0.0,2
442,1,0.0,1,0,0.0,0.0,1,0.0,0.0,0.0,0.0,2
443,1,0.0,1,0,0.0,0.0,1,0.0,0.0,0.0,0.0,2
444,1,0.0,0,0,0.0,0.0,0,0.0,0.0,0.0,0.0,0
445,0,0.0,0,0,0.0,0.0,0,0.0,0.0,0.0,0.0,0
446,0,0.0,0,1,0.0,0.0,0,0.0,0.0,0.0,0.0,0
447,0,0.0,0,0,0.0,0.0,0,0.0,0.0,0.0,0.0,0
448,0,0.0,1,1,0.0,0.0,0,0.0,0.0,0.0,0.0,0
449,0,0.0,0,0,0.0,0.0,0,0.0,0.0,0.0,0.0,0
450,0,0.0,1,0,0.0,0.0,0,0.0,0.0,0.0,0.0,2
451,0,0.0,0,0,0.0,0.0,0,0.0,0.0,0.0,0.0,0
452,1,0.0,0,0,0.0,0.0,0,0.0,0.0,0.0,0.0,0
453,0,0.0,0,0,0.0,0.0,0,0.0,0.0,0.0,0.0,0
454,0,0.0,0,0,0.0,0.0,0,0.0,0.0,0.0,0.0,0
455,0,0.0,0,0,0.0,0.0,0,0.0,0.0,0.0,0.0,0
456,1,0.0,1,1,0.0,0.0,1,0.0,0.0,0.0,0.0,1
457,1,0.0,0,0,0.0,0.0,0,0.0,0.0,0.0,0.0,0
458,0,0.0,1,0,0.0,0.0,0,0.0,0.0,0.0,0.0,2
459,1,0.0,1,1,0.0,0.0,1,0.0,0.0,0.0,0.0,1
460,0,0.0,1,0,0.0,0.0,0,0.0,0.0,0.0,0.0,2
461,0,0.0,0,0,0.0,0.0,0,0.0,0.0,0.0,0.0,0
462,1,0.0,0,0,0.0,0.0,1,0.0,0.0,0.0,0.0,1
463,1,0.0,1,0,0.0,0.0,1,0.0,0.0,0.0,0.0,2
464,1,0.0,1,1,0.0,0.0,1,0.0,0.0,0.0,0.0,1
465,0,0.0,0,0,0.0,0.0,0,0.0,0.0,0.0,0.0,0
466,1,0.0,1,1,0.0,0.0,1,0.0,0.0,0.0,0.0,1
467,0,0.0,0,0,0.0,0.0,0,0.0,0.0,0.0,0.0,0
468,0,0.0,0,0,0.0,0.0,0,0.0,0.0,0.0,0.0,0
469,0,0.0,0,0,0.0,0.0,0,0.0,0.0,0.0,0.0,0
470,0,0.0,0,0,0.0,0.0,1,0.0,0.0,0.0,0.0,1
471,1,0.0,0,0,0.0,0.0,0,0.0,0.0,0.0,0.0,0
472,1,0.0,1,0,0.0,0.0,1,0.0,0.0,0.0,0.0,2
473,0,0.0,1,0,0.0,0.0,0,0.0,0.0,0.0,0.0,2
474,0,0.0,0,0,0.0,0.0,0,0.0,0.0,0.0,0.0,0
475,0,0.0,1,0,0.0,0.0,1,0.0,0.0,0.0,0.0,2
476,0,0.0,1,0,0.0,0.0,0,0.0,0.0,0.0,0.0,2
477,1,0.0,1,1,0.0,0.0,1,0.0,0.0,0.0,0.0,1
478,0,0.0,1,0,0.0,0.0,0,0.0,0.0,0.0,0.0,2
479,0,0.0,0,0,0.0,0.0,1,0.0,0.0,0.0,0.0,1
480,0,0.0,1,0,0.0,0.0,0,0.0,0.0,0.0,0.0,2
481,0,0.0,0,0,0.0,0.0,0,0.0,0.0,0.0,0.0,0
482,1,0.0,1,0,0.0,0.0,1,0.0,0.0,0.0,0.0,2
483,0,0.0,0,0,0.0,0.0,0,0.0,0.0,0.0,0.0,0
484,0,0.0,0,0,0.0,0.0,1,0.0,0.0,0.0,0.0,1
485,0,0.0,1,1,0.0,0.0,0,0.0,0.0,0.0,0.0,0
486,0,0.0,0,0,0.0,0.0,0,0.0,0.0,0.0,0.0,0
487,0,0.0,0,0,0.0,0.0,0,0.0,0.0,0.0,0.0,0
488,0,0.0,1,0,0.0,0.0,0,0.0,0.0,0.0,0.0,2
489,0,0.0,0,1,0.0,0.0,0,0.0,0.0,0.0,0.0,0
490,1,0.0,0,0,0.0,0.0,0,0.0,0.0,0.0,0.0,0
491,1,0.0,0,0,0.0,0.0,0,0.0,0.0,0.0,0.0,0
492,1,0.0,1,0,0.0,0.0,1,0.0,0.0,0.0,0.0,2
493,1,0.0,1,1,0.0,0.0,0,0.0,0.0,0.0,0.0,0
494,0,0.0,0,0,0.0,0.0,0,0.0,0.0,0.0,0.0,0
495,0,0.0,0,0,0.0,0.0,0,0.0,0.0,0.0,0.0,0
496,0,0.0,0,1,0.0,0.0,1,0.0,0.0,0.0,0.0,1
497,1,0.0,1,1,0.0,0.0,1,0.0,0.0,0.0,0.0,1
498,0,0.0,1,0,0.0,0.0,0,0.0,0.0,0.0,0.0,2
499,0,0.0,0,0,0.0,0.0,0,0.0,0.0,0.0,0.0,0
500,1,0.0,1,0,0.0,0.0,0,0.0,0.0,0.0,0.0,2
501,0,0.0,0,0,0.0,0.0,0,0.0,0.0,0.0,0.0,0
502,1,0.0,0,0,0.0,0.0,0,0.0,0.0,0.0,0.0,0
503,1,0.0,1,1,0.0,0.0,1,0.0,0.0,0.0,0.0,1
504,0,0.0,0,0,0.0,0.0,0,0.0,0.0,0.0,0.0,0
505,1,0.0,0,0,0.0,0.0,0,0.0,0.0,0.0,0.0,0
506,0,0.0,0,1,0.0,0.0,0,0.0,0.0,0.0,0.0,0
507,1,0.0,0,0,0.0,0.0,0,0.0,0.0,0.0,0.0,0
508,0,0.0,0,1,0.0,0.0,1,0.0,0.0,0.0,0.0,1
509,0,0.0,0,0,0.0,0.0,0,0.0,0.0,0.0,0.0,0
510,1,0.0,1,1,0.0,0.0,0,0.0,0.0,0.0,0.0,0
511,1,0.0,1,1,0.0,0.0,0,0.0,0.0,0.0,0.0,0
512,0,0.0,0,0,0.0,0.0,0,0.0,0.0,0.0,0.0,0
513,1,0.0,1,0,0.0,0.0,1,0.0,0.0,0.0,0.0,2
514,0,0.0,0,0,0.0,0.0,0,0.0,0.0,0.0,0.0,0
515,1,0.0,1,0,0.0,0.0,0,0.0,0.0,0.0,0.0,2
516,0,0.0,0,0,0.0,0.0,0,0.0,0.0,0.0,0.0,0
517,0,0.0,0,0,0.0,0.0,0,0.0,0.0,0.0,0.0,0
518,0,0.0,0,0,0.0,0.0,0,0.0,0.0,0.0,0.0,0
519,1,0.0,0,0,0.0,0.0,0,0.0,0.0,0.0,0.0,0
520,1,0.0,0,0,0.0,0.0,1,0.0,0.0,0.0,0.0,1
521,1,0.0,1,1,0.0,0.0,1,0.0,0.0,0.0,0.0,1
522,0,0.0,0,0,0.0,0.0,0,0.0,0.0,0.0,0.0,0
523,0,0.0,1,0,0.0,0.0,0,0.0,0.0,0.0,0.0,2
524,1,0.0,1,1,0.0,0.0,1,0.0,0.0,0.0,0.0,1
525,0,0.0,0,0,0.0,0.0,0,0.0,0.0,0.0,0.0,0
526,1,0.0,1,0,0.0,0.0,1,0.0,0.0,0.0,0.0,2
527,0,0.0,1,0,0.0,0.0,0,0.0,0.0,0.0,0.0,2
528,1,0.0,0,0,0.0,0.0,0,0.0,0.0,0.0,0.0,0
529,0,0.0,0,0,0.0,0.0,0,0.0,0.0,0.0,0.0,0
530,1,0.0,1,1,0.0,0.0,1,0.0,0.0,0.0,0.0,1
531,1,0.0,1,1,0.0,0.0,1,0.0,0.0,0.0,0.0,1
532,0,0.0,0,0,0.0,0.0,0,0.0,0.0,0.0,0.0,0
533,1,0.0,0,0,0.0,0.0,1,0.0,0.0,0.0,0.0,1
534,0,0.0,0,0,0.0,0.0,0,0.0,0.0,0.0,0.0,0
535,0,0.0,1,1,0.0,0.0,1,0.0,0.0,0.0,0.0,1
536,0,0.0,0,1,0.0,0.0,0,0.0,0.0,0.0,0.0,0
537,0,0.0,0,0,0.0,0.0,0,0.0,0.0,0.0,0.0,0
538,0,0.0,0,0,0.0,0.0,0,0.0,0.0,0.0,0.0,0
539,0,0.0,0,0,0.0,0.0,0,0.0,0.0,0.0,0.0,0
540,1,0.0,1,0,0.0,0.0,1,0.0,0.0,0.0,0.0,2
541,0,0.0,0,1,0.0,0.0,1,0.0,0.0,0.0,0.0,1
542,1,0.0,1,1,0.0,0.0,1,0.0,0.0,0.0,0.0,1
543,0,0.0,0,0,0.0,0.0,0,0.0,0.0,0.0,0.0,0
544,0,0.0,1,0,0.0,0.0,0,0.0,0.0,0.0,0.0,2
545,0,0.0,0,0,0.0,0.0,0,0.0,0.0,0.0,0.0,0
546,1,0.0,1,1,0.0,0.0,1,0.0,0.0,0.0,0.0,1
547,0,0.0,1,0,0.0,0.0,0,0.0,0.0,0.0,0.0,2
548,0,0.0,0,0,0.0,0.0,0,0.0,0.0,0.0,0.0,0
549,0,0.0,0,0,0.0,0.0,0,0.0,0.0,0.0,0.0,0
550,0,0.0,0,0,0.0,0.0,0,0.0,0.0,0.0,0.0,0
551,1,0.0,0,1,0.0,0.0,0,0.0,0.0,0.0,0.0,0
552,0,0.0,0,0,0.0,0.0,0,0.0,0.0,0.0,0.0,0
553,1,0.0,0,0,0.0,0.0,0,0.0,0.0,0.0,0.0,0
554,0,0.0,0,0,0.0,0.0,0,0.0,0.0,0.0,0.0,0
555,1,0.0,1,0,0.0,0.0,0,0.0,0.0,0.0,0.0,2
556,0,0.0,0,0,0.0,0.0,0,0.0,0.0,0.0,0.0,0
557,1,0.0,0,0,0.0,0.0,0,0.0,0.0,0.0,0.0,0
558,1,0.0,0,1,0.0,0.0,0,0.0,0.0,0.0,0.0,0
559,0,0.0,0,0,0.0,0.0,0,0.0,0.0,0.0,0.0,0
560,0,0.0,0,1,0.0,0.0,0,0.0,0.0,0.0,0.0,0
561,1,0.0,0,0,0.0,0.0,0,0.0,0.0,0.0,0.0,0
562,1,0.0,1,1,0.0,0.0,0,0.0,0.0,0.0,0.0,0
563,0,0.0,0,0,0.0,0.0,0,0.0,0.0,0.0,0.0,0
564,1,0.0,1,1,0.0,0.0,0,0.0,0.0,0.0,0.0,0
565,1,0.0,0,0,0.0,0.0,0,0.0,0.0,0.0,0.0,0
566,1,0.0,1,1,0.0,0.0,1,0.0,0.0,0.0,0.0,1
567,1,0.0,1,0,0.0,0.0,0,0.0,0.0,0.0,0.0,2
568,1,0.0,1,1,0.0,0.0,1,0.0,0.0,0.0,0.0,1
569,0,0.0,0,0,0.0,0.0,0,0.0,0.0,0.0,0.0,0
570,1,0.0,0,1,0.0,0.0,0,0.0,0.0,0.0,0.0,0
571,1,0.0,1,0,0.0,0.0,0,0.0,0.0,0.0,0.0,2
572,0,0.0,0,0,0.0,0.0,0,0.0,0.0,0.0,0.0,0
573,0,0.0,0,1,0.0,0.0,1,0.0,0.0,0.0,0.0,1
574,1,0.0,1,0,0.0,0.0,1,0.0,0.0,0.0,0.0,2
575,0,0.0,1,1,0.0,0.0,1,0.0,0.0,0.0,0.0,1
576,0,0.0,1,1,0.0,0.0,0,0.0,0.0,0.0,0.0,0
577,0,0.0,0,1,0.0,0.0,0,0.0,0.0,0.0,0.0,0
578,1,0.0,0,0,0.0,0.0,1,0.0,0.0,0.0,0.0,1
579,0,0.0,0,0,0.0,0.0,0,0.0,0.0,0.0,0.0,0
580,0,0.0,1,1,0.0,0.0,1,0.0,0.0,0.0,0.0,1
581,0,0.0,0,0,0.0,0.0,0,0.0,0.0,0.0,0.0,0
582,1,0.0,0,0,0.0,0.0,1,0.0,0.0,0.0,0.0,1
583,1,0.0,0,0,0.0,0.0,1,0.0,0.0,0.0,0.0,1
584,1,0.0,1,0,0.0,0.0,0,0.0,0.0,0.0,0.0,2
585,1,0.0,1,0,0.0,0.0,1,0.0,0.0,0.0,0.0,2
586,0,0.0,0,0,0.0,0.0,0,0.0,0.0,0.0,0.0,0
587,1,0.0,0,0,0.0,0.0,1,0.0,0.0,0.0,0.0,1
588,0,0.0,0,0,0.0,0.0,1,0.0,0.0,0.0,0.0,1
589,1,0.0,1,1,0.0,0.0,0,0.0,0.0,0.0,0.0,0
590,0,0.0,0,1,0.0,0.0,0,0.0,0.0,0.0,0.0,0
591,0,0.0,1,0,0.0,0.0,0,0.0,0.0,0.0,0.0,2
592,0,0.0,0,0,0.0,0.0,0,0.0,0.0,0.0,0.0,0
593,0,0.0,0,0,0.0,0.0,0,0.0,0.0,0.0,0.0,0
594,0,0.0,0,1,0.0,0.0,0,0.0,0.0,0.0,0.0,0
595,0,0.0,0,0,0.0,0.0,0,0.0,0.0,0.0,0.0,0
596,0,0.0,1,0,0.0,0.0,0,0.0,0.0,0.0,0.0,2
597,1,0.0,0,1,0.0,0.0,1,0.0,0.0,0.0,0.0,1
598,0,0.0,0,0,0.0,0.0,0,0.0,0.0,0.0,0.0,0
599,1,0.0,1,1,0.0,0.0,1,0.0,0.0,0.0,0.0,1
600,0,0.0,1,0,0.0,0.0,0,0.0,0.0,0.0,0.0,2
601,1,0.0,0,0,0.0,0.0,0,0.0,0.0,0.0,0.0,0
602,0,0.0,0,0,0.0,0.0,0,0.0,0.0,0.0,0.0,0
603,1,0.0,1,0,0.0,0.0,1,0.0,0.0,0.0,0.0,2
604,0,0.0,0,0,0.0,0.0,1,0.0,0.0,0.0,0.0,1
605,0,0.0,0,1,0.0,0.0,0,0.0,0.0,0.0,0.0,0
606,0,0.0,1,0,0.0,0.0,0,0.0,0.0,0.0,0.0,2
607,0,0.0,0,0,0.0,0.0,0,0.0,0.0,0.0,0.0,0
608,0,0.0,0,1,0.0,0.0,1,0.0,0.0,0.0,0.0,1
609,1,0.0,0,0,0.0,0.0,1,0.0,0.0,0.0,0.0,1
610,1,0.0,0,0,0.0,0.0,0,0.0,0.0,0.0,0.0,0
611,1,0.0,0,1,0.0,0.0,1,0.0,0.0,0.0,0.0,1
612,1,0.0,1,1,0.0,0.0,1,0.0,0.0,0.0,0.0,1
613,0,0.0,1,0,0.0,0.0,0,0.0,0.0,0.0,0.0,2
614,0,0.0,0,0,0.0,0.0,0,0.0,0.0,0.0,0.0,0
615,0,0.0,1,1,0.0,0.0,1,0.0,0.0,0.0,0.0,1
616,0,0.0,0,0,0.0,0.0,1,0.0,0.0,0.0,0.0,1
617,0,0.0,1,0,0.0,0.0,0,0.0,0.0,0.0,0.0,2
618,1,0.0,0,0,0.0,0.0,0,0.0,0.0,0.0,0.0,0
619,1,0.0,1,1,0.0,0.0,1,0.0,0.0,0.0,0.0,1
620,0,0.0,0,0,0.0,0.0,0,0.0,0.0,0.0,0.0,0
621,1,0.0,0,0,0.0,0.0,0,0.0,0.0,0.0,0.0,0
622,0,0.0,0,0,0.0,0.0,0,0.0,0.0,0.0,0.0,0
623,0,0.0,1,0,0.0,0.0,0,0.0,0.0,0.0,0.0,2
624,0,0.0,0,0,0.0,0.0,0,0.0,0.0,0.0,0.0,0
625,1,0.0,1,1,0.0,0.0,1,0.0,0.0,0.0,0.0,1
626,1,0.0,0,0,0.0,0.0,0,0.0,0.0,0.0,0.0,0
627,0,0.0,0,0,0.0,0.0,0,0.0,0.0,0.0,0.0,0
628,0,0.0,1,0,0.0,0.0,0,0.0,0.0,0.0,0.0,2
629,1,0.0,1,0,0.0,0.0,1,0.0,0.0,0.0,0.0,2
630,0,0.0,0,1,0.0,0.0,0,0.0,0.0,0.0,0.0,0
631,0,0.0,0,0,0.0,0.0,0,0.0,0.0,0.0,0.0,0
632,0,0.0,0,0,0.0,0.0,0,0.0,0.0,0.0,0.0,0
633,0,0.0,1,0,0.0,0.0,0,0.0,0.0,0.0,0.0,2
634,1,0.0,0,0,0.0,0.0,1,0.0,0.0,0.0,0.0,1
635,0,0.0,0,0,0.0,0.0,1,0.0,0.0,0.0,0.0,1
636,0,0.0,0,0,0.0,0.0,0,0.0,0.0,0.0,0.0,0
637,0,0.0,1,1,0.0,0.0,0,0.0,0.0,0.0,0.0,0
638,0,0.0,1,0,0.0,0.0,0,0.0,0.0,0.0,0.0,2
639,1,0.0,1,1,0.0,0.0,1,0.0,0.0,0.0,0.0,1
640,0,0.0,0,0,0.0,0.0,0,0.0,0.0,0.0,0.0,0
641,0,0.0,1,1,0.0,0.0,1,0.0,0.0,0.0,0.0,1
642,1,0.0,1,1,0.0,0.0,1,0.0,0.0,0.0,0.0,1
643,1,0.0,1,1,0.0,0.0,1,0.0,0.0,0.0,0.0,1
644,0,0.0,0,0,0.0,0.0,0,0.0,0.0,0.0,0.0,0
645,1,0.0,1,0,0.0,0.0,1,0.0,0.0,0.0,0.0,2
646,0,0.0,0,0,0.0,0.0,0,0.0,0.0,0.0,0.0,0
647,0,0.0,0,0,0.0,0.0,0,0.0,0.0,0.0,0.0,0
648,0,0.0,1,0,0.0,0.0,0,0.0,0.0,0.0,0.0,2
649,0,0.0,0,0,0.0,0.0,0,0.0,0.0,0.0,0.0,0
650,0,0.0,0,0,0.0,0.0,0,0.0,0.0,0.0,0.0,0
651,0,0.0,1,1,0.0,0.0,1,0.0,0.0,0.0,0.0,1
652,0,0.0,0,0,0.0,0.0,0,0.0,0.0,0.0,0.0,0
653,0,0.0,1,0,0.0,0.0,0,0.0,0.0,0.0,0.0,2
654,1,0.0,0,0,0.0,0.0,0,0.0,0.0,0.0,0.0,0
655,1,0.0,1,1,0.0,0.0,0,0.0,0.0,0.0,0.0,0
656,0,0.0,0,0,0.0,0.0,0,0.0,0.0,0.0,0.0,0
657,0,0.0,0,0,0.0,0.0,0,0.0,0.0,0.0,0.0,0
658,0,0.0,0,0,0.0,0.0,0,0.0,0.0,0.0,0.0,0
659,1,0.0,1,1,0.0,0.0,1,0.0,0.0,0.0,0.0,1
660,0,0.0,1,1,0.0,0.0,1,0.0,0.0,0.0,0.0,1
661,0,0.0,0,0,0.0,0.0,0,0.0,0.0,0.0,0.0,0
662,0,0.0,1,1,0.0,0.0,1,0.0,0.0,0.0,0.0,1
663,1,0.0,1,1,0.0,0.0,1,0.0,0.0,0.0,0.0,1
664,1,0.0,0,0,0.0,0.0,0,0.0,0.0,0.0,0.0,0
665,1,0.0,0,0,0.0,0.0,1,0.0,0.0,0.0,0.0,1
666,0,0.0,1,1,0.0,0.0,0,0.0,0.0,0.0,0.0,0
667,0,0.0,1,0,0.0,0.0,0,0.0,0.0,0.0,0.0,2
668,0,0.0,0,1,0.0,0.0,1,0.0,0.0,0.0,0.0,1
669,0,0.0,1,1,0.0,0.0,1,0.0,0.0,0.0,0.0,1
670,1,0.0,1,0,0.0,0.0,0,0.0,0.0,0.0,0.0,2
671,0,0.0,1,0,0.0,0.0,1,0.0,0.0,0.0,0.0,2
672,1,0.0,1,1,0.0,0.0,0,0.0,0.0,0.0,0.0,0
673,1,0.0,1,1,0.0,0.0,1,0.0,0.0,0.0,0.0,1
674,1,0.0,0,0,0.0,0.0,0,0.0,0.0,0.0,0.0,0
675,1,0.0,1,0,0.0,0.0,0,0.0,0.0,0.0,0.0,2
676,1,0.0,1,1,0.0,0.0,1,0.0,0.0,0.0,0.0,1
677,0,0.0,0,0,0.0,0.0,0,0.0,0.0,0.0,0.0,0
678,1,0.0,0,1,0.0,0.0,1,0.0,0.0,0.0,0.0,1
679,0,0.0,0,0,0.0,0.0,0,0.0,0.0,0.0,0.0,0
680,1,0.0,1,0,0.0,0.0,1,0.0,0.0,0.0,0.0,2
681,0,0.0,0,0,0.0,0.0,0,0.0,0.0,0.0,0.0,0
682,0,0.0,1,0,0.0,0.0,0,0.0,0.0,0.0,0.0,2
683,1,0.0,1,1,0.0,0.0,1,0.0,0.0,0.0,0.0,1
684,0,0.0,0,1,0.0,0.0,0,0.0,0.0,0.0,0.0,0
685,1,0.0,0,1,0.0,0.0,0,0.0,0.0,0.0,0.0,0
686,0,0.0,1,0,0.0,0.0,0,0.0,0.0,0.0,0.0,2
687,1,0.0,1,0,0.0,0.0,1,0.0,0.0,0.0,0.0,2
688,1,0.0,1,0,0.0,0.0,0,0.0,0.0,0.0,0.0,2
689,0,0.0,0,1,0.0,0.0,1,0.0,0.0,0.0,0.0,1
690,0,0.0,0,1,0.0,0.0,0,0.0,0.0,0.0,0.0,0
691,0,0.0,0,0,0.0,0.0,0,0.0,0.0,0.0,0.0,0
692,1,0.0,1,0,0.0,0.0,1,0.0,0.0,0.0,0.0,2
693,0,0.0,0,0,0.0,0.0,0,0.0,0.0,0.0,0.0,0
694,1,0.0,1,0,0.0,0.0,1,0.0,0.0,0.0,0.0,2
695,1,0.0,1,1,0.0,0.0,1,0.0,0.0,0.0,0.0,1
696,0,0.0,0,0,0.0,0.0,0,0.0,0.0,0.0,0.0,0
697,0,0.0,1,0,0.0,0.0,0,0.0,0.0,0.0,0.0,2
698,1,0.0,1,0,0.0,0.0,1,0.0,0.0,0.0,0.0,2
699,0,0.0,1,0,0.0,0.0,0,0.0,0.0,0.0,0.0,2
700,0,0.0,0,0,0.0,0.0,0,0.0,0.0,0.0,0.0,0
701,1,0.0,0,1,0.0,0.0,0,0.0,0.0,0.0,0.0,0
702,0,0.0,0,0,0.0,0.0,0,0.0,0.0,0.0,0.0,0
703,0,0.0,0,0,0.0,0.0,0,0.0,0.0,0.0,0.0,0
704,0,0.0,0,1,0.0,0.0,0,0.0,0.0,0.0,0.0,0
705,0,0.0,0,0,0.0,0.0,0,0.0,0.0,0.0,0.0,0
706,0,0.0,0,1,0.0,0.0,0,0.0,0.0,0.0,0.0,0
707,0,0.0,1,0,0.0,0.0,0,0.0,0.0,0.0,0.0,2
708,1,0.0,0,0,0.0,0.0,1,0.0,0.0,0.0,0.0,1
709,1,0.0,1,1,0.0,0.0,0,0.0,0.0,0.0,0.0,0
710,1,0.0,1,0,0.0,0.0,1,0.0,0.0,0.0,0.0,2
711,1,0.0,1,1,0.0,0.0,1,0.0,0.0,0.0,0.0,1
712,1,0.0,0,0,0.0,0.0,1,0.0,0.0,0.0,0.0,1
713,0,0.0,0,0,0.0,0.0,0,0.0,0.0,0.0,0.0,0
714,0,0.0,1,0,0.0,0.0,1,0.0,0.0,0.0,0.0,2
715,1,0.0,1,1,0.0,0.0,1,0.0,0.0,0.0,0.0,1
716,1,0.0,1,0,0.0,0.0,1,0.0,0.0,0.0,0.0,2
717,0,0.0,0,0,0.0,0.0,0,0.0,0.0,0.0,0.0,0
718,0,0.0,1,0,0.0,0.0,0,0.0,0.0,0.0,0.0,2
719,0,0.0,0,1,0.0,0.0,0,0.0,0.0,0.0,0.0,0
720,1,0.0,1,0,0.0,0.0,1,0.0,0.0,0.0,0.0,2
721,0,0.0,0,0,0.0,0.0,0,0.0,0.0,0.0,0.0,0
722,0,0.0,1,0,0.0,0.0,1,0.0,0.0,0.0,0.0,2
723,0,0.0,0,0,0.0,0.0,0,0.0,0.0,0.0,0.0,0
724,0,0.0,0,0,0.0,0.0,0,0.0,0.0,0.0,0.0,0
725,0,0.0,0,0,0.0,0.0,1,0.0,0.0,0.0,0.0,1
726,0,0.0,0,0,0.0,0.0,0,0.0,0.0,0.0,0.0,0
727,1,0.0,1,1,0.0,0.0,1,0.0,0.0,0.0,0.0,1
728,0,0.0,0,0,0.0,0.0,0,0.0,0.0,0.0,0.0,0
729,1,0.0,0,1,0.0,0.0,1,0.0,0.0,0.0,0.0,1
730,0,0.0,1,1,0.0,0.0,1,0.0,0.0,0.0,0.0,1
731,1,0.0,1,1,0.0,0.0,0,0.0,0.0,0.0,0.0,0
732,0,0.0,1,1,0.0,0.0,0,0.0,0.0,0.0,0.0,0
733,0,0.0,0,0,0.0,0.0,0,0.0,0.0,0.0,0.0,0
734,1,0.0,0,0,0.0,0.0,0,0.0,0.0,0.0,0.0,0
735,1,0.0,0,0,0.0,0.0,1,0.0,0.0,0.0,0.0,1
736,0,0.0,1,0,0.0,0.0,1,0.0,0.0,0.0,0.0,2
737,1,0.0,1,0,0.0,0.0,1,0.0,0.0,0.0,0.0,2
738,0,0.0,0,0,0.0,0.0,0,0.0,0.0,0.0,0.0,0
739,0,0.0,0,0,0.0,0.0,0,0.0,0.0,0.0,0.0,0
740,0,0.0,0,0,0.0,0.0,0,0.0,0.0,0.0,0.0,0
741,0,0.0,0,0,0.0,0.0,0,0.0,0.0,0.0,0.0,0
742,1,0.0,1,1,0.0,0.0,1,0.0,0.0,0.0,0.0,1
743,1,0.0,0,0,0.0,0.0,1,0.0,0.0,0.0,0.0,1
744,0,0.0,0,0,0.0,0.0,1,0.0,0.0,0.0,0.0,1
745,0,0.0,0,0,0.0,0.0,0,0.0,0.0,0.0,0.0,0
746,1,0.0,1,1,0.0,0.0,1,0.0,0.0,0.0,0.0,1
747,0,0.0,0,0,0.0,0.0,0,0.0,0.0,0.0,0.0,0
748,1,0.0,0,1,0.0,0.0,0,0.0,0.0,0.0,0.0,0
749,1,0.0,0,0,0.0,0.0,0,0.0,0.0,0.0,0.0,0
750,1,0.0,1,1,0.0,0.0,0,0.0,0.0,0.0,0.0,0
751,0,0.0,0,0,0.0,0.0,0,0.0,0.0,0.0,0.0,0
752,0,0.0,0,0,0.0,0.0,0,0.0,0.0,0.0,0.0,0
753,0,0.0,0,0,0.0,0.0,0,0.0,0.0,0.0,0.0,0
754,1,0.0,0,1,0.0,0.0,1,0.0,0.0,0.0,0.0,1
755,1,0.0,1,1,0.0,0.0,1,0.0,0.0,0.0,0.0,1
756,1,0.0,1,1,0.0,0.0,1,0.0,0.0,0.0,0.0,1
757,0,0.0,1,1,0.0,0.0,0,0.0,0.0,0.0,0.0,0
758,1,0.0,0,0,0.0,0.0,0,0.0,0.0,0.0,0.0,0
759,1,0.0,1,0,0.0,0.0,1,0.0,0.0,0.0,0.0,2
760,0,0.0,1,1,0.0,0.0,1,0.0,0.0,0.0,0.0,1
761,0,0.0,0,0,0.0,0.0,0,0.0,0.0,0.0,0.0,0
762,0,0.0,0,0,0.0,0.0,0,0.0,0.0,0.0,0.0,0
763,0,0.0,0,0,0.0,0.0,0,0.0,0.0,0.0,0.0,0
764,0,0.0,1,0,0.0,0.0,0,0.0,0.0,0.0,0.0,2
765,0,0.0,0,0,0.0,0.0,0,0.0,0.0,0.0,0.0,0
766,0,0.0,0,0,0.0,0.0,1,0.0,0.0,0.0,0.0,1
767,0,0.0,1,0,0.0,0.0,1,0.0,0.0,0.0,0.0,2
768,0,0.0,0,0,0.0,0.0,0,0.0,0.0,0.0,0.0,0
769,1,0.0,1,1,0.0,0.0,1,0.0,0.0,0.0,0.0,1
770,0,0.0,1,0,0.0,0.0,0,0.0,0.0,0.0,0.0,2
771,0,0.0,0,0,0.0,0.0,0,0.0,0.0,0.0,0.0,0
772,0,0.0,0,0,0.0,0.0,0,0.0,0.0,0.0,0.0,0
773,1,0.0,1,0,0.0,0.0,1,0.0,0.0,0.0,0.0,2
774,1,0.0,1,0,0.0,0.0,1,0.0,0.0,0.0,0.0,2
775,0,0.0,0,0,0.0,0.0,0,0.0,0.0,0.0,0.0,0
776,1,0.0,1,1,0.0,0.0,1,0.0,0.0,0.0,0.0,1
777,1,0.0,1,1,0.0,0.0,1,0.0,0.0,0.0,0.0,1
778,0,0.0,1,0,0.0,0.0,0,0.0,0.0,0.0,0.0,2
779,0,0.0,0,0,0.0,0.0,1,0.0,0.0,0.0,0.0,1
780,0,0.0,0,0,0.0,0.0,0,0.0,0.0,0.0,0.0,0
781,0,0.0,0,0,0.0,0.0,1,0.0,0.0,0.0,0.0,1
782,1,0.0,0,1,0.0,0.0,0,0.0,0.0,0.0,0.0,0
783,1,0.0,0,0,0.0,0.0,0,0.0,0.0,0.0,0.0,0
784,1,0.0,1,1,0.0,0.0,0,0.0,0.0,0.0,0.0,0
785,0,0.0,0,0,0.0,0.0,1,0.0,0.0,0.0,0.0,1
786,0,0.0,0,0,0.0,0.0,0,0.0,0.0,0.0,0.0,0
787,1,0.0,1,1,0.0,0.0,0,0.0,0.0,0.0,0.0,0
788,1,0.0,0,1,0.0,0.0,0,0.0,0.0,0.0,0.0,0
789,1,0.0,1,0,0.0,0.0,1,0.0,0.0,0.0,0.0,2
790,0,0.0,1,0,0.0,0.0,1,0.0,0.0,0.0,0.0,2
791,1,0.0,1,1,0.0,0.0,1,0.0,0.0,0.0,0.0,1
792,1,0.0,1,0,0.0,0.0,0,0.0,0.0,0.0,0.0,2
793,1,0.0,1,1,0.0,0.0,1,0.0,0.0,0.0,0.0,1
794,0,0.0,1,0,0.0,0.0,0,0.0,0.0,0.0,0.0,2
795,0,0.0,0,0,0.0,0.0,0,0.0,0.0,0.0,0.0,0
796,1,0.0,0,0,0.0,0.0,0,0.0,0.0,0.0,0.0,0
797,0,0.0,1,0,0.0,0.0,0,0.0,0.0,0.0,0.0,2
798,0,0.0,0,0,0.0,0.0,0,0.0,0.0,0.0,0.0,0
799,0,0.0,0,1,0.0,0.0,0,0.0,0.0,0.0,0.0,0
800,1,0.0,1,0,0.0,0.0,0,0.0,0.0,0.0,0.0,2
801,1,0.0,1,0,0.0,0.0,0,0.0,0.0,0.0,0.0,2
802,0,0.0,0,1,0.0,0.0,0,0.0,0.0,0.0,0.0,0
803,0,0.0,0,1,0.0,0.0,0,0.0,0.0,0.0,0.0,0
804,1,0.0,1,0,0.0,0.0,1,0.0,0.0,0.0,0.0,2
805,0,0.0,1,0,0.0,0.0,0,0.0,0.0,0.0,0.0,2
806,1,0.0,0,0,0.0,0.0,0,0.0,0.0,0.0,0.0,0
807,1,0.0,1,0,0.0,0.0,0,0.0,0.0,0.0,0.0,2
808,1,0.0,1,1,0.0,0.0,1,0.0,0.0,0.0,0.0,1
809,1,0.0,0,1,0.0,0.0,1,0.0,0.0,0.0,0.0,1
810,0,0.0,0,0,0.0,0.0,0,0.0,0.0,0.0,0.0,0
811,0,0.0,0,0,0.0,0.0,0,0.0,0.0,0.0,0.0,0
812,1,0.0,1,1,0.0,0.0,1,0.0,0.0,0.0,0.0,1
813,1,0.0,1,1,0.0,0.0,1,0.0,0.0,0.0,0.0,1
814,0,0.0,0,0,0.0,0.0,1,0.0,0.0,0.0,0.0,1
815,1,0.0,0,0,0.0,0.0,0,0.0,0.0,0.0,0.0,0
816,1,0.0,1,1,0.0,0.0,1,0.0,0.0,0.0,0.0,1
817,1,0.0,1,1,0.0,0.0,0,0.0,0.0,0.0,0.0,0
818,1,0.0,1,1,0.0,0.0,0,0.0,0.0,0.0,0.0,0
819,1,0.0,1,0,0.0,0.0,0,0.0,0.0,0.0,0.0,2
820,0,0.0,0,0,0.0,0.0,0,0.0,0.0,0.0,0.0,0
821,0,0.0,0,1,0.0,0.0,0,0.0,0.0,0.0,0.0,0
822,0,0.0,1,0,0.0,0.0,0,0.0,0.0,0.0,0.0,2
823,1,0.0,1,0,0.0,0.0,1,0.0,0.0,0.0,0.0,2
824,1,0.0,0,0,0.0,0.0,0,0.0,0.0,0.0,0.0,0
825,0,0.0,0,0,0.0,0.0,0,0.0,0.0,0.0,0.0,0
826,1,0.0,1,0,0.0,0.0,1,0.0,0.0,0.0,0.0,2
827,1,0.0,0,0,0.0,0.0,1,0.0,0.0,0.0,0.0,1
828,1,0.0,1,1,0.0,0.0,0,0.0,0.0,0.0,0.0,0
829,1,0.0,1,1,0.0,0.0,0,0.0,0.0,0.0,0.0,0
830,1,0.0,1,1,0.0,0.0,1,0.0,0.0,0.0,0.0,1
831,0,0.0,0,1,0.0,0.0,0,0.0,0.0,0.0,0.0,0
832,0,0.0,0,0,0.0,0.0,1,0.0,0.0,0.0,0.0,1
833,0,0.0,0,0,0.0,0.0,0,0.0,0.0,0.0,0.0,0
834,0,0.0,0,0,0.0,0.0,0,0.0,0.0,0.0,0.0,0
835,1,0.0,0,1,0.0,0.0,0,0.0,0.0,0.0,0.0,0
836,1,0.0,1,1,0.0,0.0,0,0.0,0.0,0.0,0.0,0
837,0,0.0,1,0,0.0,0.0,0,0.0,0.0,0.0,0.0,2
838,1,0.0,1,1,0.0,0.0,0,0.0,0.0,0.0,0.0,0
839,1,0.0,0,0,0.0,0.0,0,0.0,0.0,0.0,0.0,0
840,0,0.0,0,0,0.0,0.0,0,0.0,0.0,0.0,0.0,0
841,0,0.0,0,0,0.0,0.0,0,0.0,0.0,0.0,0.0,0
842,0,0.0,0,0,0.0,0.0,0,0.0,0.0,0.0,0.0,0
843,0,0.0,0,0,0.0,0.0,0,0.0,0.0,0.0,0.0,0
844,1,0.0,1,0,0.0,0.0,0,0.0,0.0,0.0,0.0,2
845,1,0.0,1,1,0.0,0.0,1,0.0,0.0,0.0,0.0,1
846,0,0.0,0,0,0.0,0.0,0,0.0,0.0,0.0,0.0,0
847,1,0.0,1,1,0.0,0.0,0,0.0,0.0,0.0,0.0,0
848,0,0.0,0,0,0.0,0.0,0,0.0,0.0,0.0,0.0,0
849,0,0.0,0,0,0.0,0.0,0,0.0,0.0,0.0,0.0,0
850,0,0.0,0,0,0.0,0.0,0,0.0,0.0,0.0,0.0,0
851,1,0.0,1,1,0.0,0.0,1,0.0,0.0,0.0,0.0,1
852,0,0.0,0,0,0.0,0.0,0,0.0,0.0,0.0,0.0,0
853,0,0.0,1,0,0.0,0.0,0,0.0,0.0,0.0,0.0,2
854,1,0.0,1,1,0.0,0.0,1,0.0,0.0,0.0,0.0,1
855,0,0.0,0,1,0.0,0.0,1,0.0,0.0,0.0,0.0,1
856,1,0.0,1,0,0.0,0.0,1,0.0,0.0,0.0,0.0,2
857,1,0.0,1,0,0.0,0.0,1,0.0,0.0,0.0,0.0,2
858,1,0.0,0,0,0.0,0.0,0,0.0,0.0,0.0,0.0,0
859,1,0.0,1,0,0.0,0.0,1,0.0,0.0,0.0,0.0,2
860,1,0.0,1,0,0.0,0.0,0,0.0,0.0,0.0,0.0,2
861,0,0.0,0,0,0.0,0.0,0,0.0,0.0,0.0,0.0,0
862,1,0.0,1,1,0.0,0.0,1,0.0,0.0,0.0,0.0,1
863,0,0.0,1,0,0.0,0.0,0,0.0,0.0,0.0,0.0,2
864,1,0.0,0,1,0.0,0.0,0,0.0,0.0,0.0,0.0,0
865,1,0.0,1,1,0.0,0.0,0,0.0,0.0,0.0,0.0,0
866,0,0.0,0,0,0.0,0.0,0,0.0,0.0,0.0,0.0,0
867,1,0.0,0,0,0.0,0.0,0,0.0,0.0,0.0,0.0,0
868,0,0.0,0,0,0.0,0.0,0,0.0,0.0,0.0,0.0,0
869,0,0.0,0,0,0.0,0.0,0,0.0,0.0,0.0,0.0,0
870,0,0.0,0,0,0.0,0.0,0,0.0,0.0,0.0,0.0,0
871,0,0.0,0,0,0.0,0.0,0,0.0,0.0,0.0,0.0,0
872,1,0.0,0,1,0.0,0.0,0,0.0,0.0,0.0,0.0,0
873,1,0.0,0,0,0.0,0.0,0,0.0,0.0,0.0,0.0,0
874,0,0.0,0,0,0.0,0.0,0,0.0,0.0,0.0,0.0,0
875,0,0.0,1,0,0.0,0.0,0,0.0,0.0,0.0,0.0,2
876,0,0.0,0,0,0.0,0.0,0,0.0,0.0,0.0,0.0,0
877,0,0.0,1,0,0.0,0.0,0,0.0,0.0,0.0,0.0,2
878,0,0.0,0,0,0.0,0.0,0,0.0,0.0,0.0,0.0,0
879,1,0.0,1,1,0.0,0.0,0,0.0,0.0,0.0,0.0,0
880,1,0.0,0,0,0.0,0.0,0,0.0,0.0,0.0,0.0,0
881,0,0.0,1,0,0.0,0.0,0,0.0,0.0,0.0,0.0,2
882,0,0.0,1,0,0.0,0.0,0,0.0,0.0,0.0,0.0,2
883,0,0.0,1,0,0.0,0.0,0,0.0,0.0,0.0,0.0,2
884,0,0.0,1,0,0.0,0.0,0,0.0,0.0,0.0,0.0,2
885,1,0.0,1,1,0.0,0.0,1,0.0,0.0,0.0,0.0,1
886,1,0.0,0,0,0.0,0.0,0,0.0,0.0,0.0,0.0,0
887,0,0.0,0,0,0.0,0.0,0,0.0,0.0,0.0,0.0,0
888,1,0.0,0,0,0.0,0.0,0,0.0,0.0,0.0,0.0,0
889,0,0.0,1,0,0.0,0.0,0,0.0,0.0,0.0,0.0,2
890,0,0.0,0,0,0.0,0.0,0,0.0,0.0,0.0,0.0,0
891,0,0.0,0,0,0.0,0.0,0,0.0,0.0,0.0,0.0,0
892,0,0.0,1,0,0.0,0.0,1,0.0,0.0,0.0,0.0,2
893,0,0.0,0,0,0.0,0.0,0,0.0,0.0,0.0,0.0,0
894,0,0.0,0,0,0.0,0.0,0,0.0,0.0,0.0,0.0,0
895,0,0.0,1,0,0.0,0.0,0,0.0,0.0,0.0,0.0,2
896,0,0.0,0,1,0.0,0.0,0,0.0,0.0,0.0,0.0,0
897,1,0.0,1,0,0.0,0.0,1,0.0,0.0,0.0,0.0,2
898,1,0.0,1,1,0.0,0.0,1,0.0,0.0,0.0,0.0,1
899,1,0.0,0,0,0.0,0.0,0,0.0,0.0,0.0,0.0,0
900,0,0.0,0,0,0.0,0.0,0,0.0,0.0,0.0,0.0,0
901,1,0.0,0,0,0.0,0.0,1,0.0,0.0,0.0,0.0,1
902,1,0.0,1,0,0.0,0.0,1,0.0,0.0,0.0,0.0,2
903,0,0.0,0,0,0.0,0.0,0,0.0,0.0,0.0,0.0,0
904,1,0.0,0,0,0.0,0.0,1,0.0,0.0,0.0,0.0,1
905,1,0.0,1,0,0.0,0.0,0,0.0,0.0,0.0,0.0,2
906,0,0.0,0,0,0.0,0.0,0,0.0,0.0,0.0,0.0,0
907,0,0.0,0,0,0.0,0.0,1,0.0,0.0,0.0,0.0,1
908,1,0.0,0,0,0.0,0.0,0,0.0,0.0,0.0,0.0,0
909,0,0.0,1,0,0.0,0.0,0,0.0,0.0,0.0,0.0,2
910,0,0.0,1,0,0.0,0.0,0,0.0,0.0,0.0,0.0,2
911,1,0.0,1,1,0.0,0.0,1,0.0,0.0,0.0,0.0,1
912,0,0.0,1,0,0.0,0.0,0,0.0,0.0,0.0,0.0,2
913,1,0.0,1,1,0.0,0.0,0,0.0,0.0,0.0,0.0,0
914,1,0.0,1,1,0.0,0.0,0,0.0,0.0,0.0,0.0,0
915,0,0.0,1,0,0.0,0.0,0,0.0,0.0,0.0,0.0,2
916,0,0.0,1,1,0.0,0.0,0,0.0,0.0,0.0,0.0,0
917,0,0.0,1,0,0.0,0.0,0,0.0,0.0,0.0,0.0,2
918,1,0.0,0,1,0.0,0.0,1,0.0,0.0,0.0,0.0,1
919,1,0.0,0,0,0.0,0.0,0,0.0,0.0,0.0,0.0,0
920,0,0.0,0,0,0.0,0.0,0,0.0,0.0,0.0,0.0,0
921,1,0.0,1,1,0.0,0.0,0,0.0,0.0,0.0,0.0,0
922,1,0.0,1,1,0.0,0.0,0,0.0,0.0,0.0,0.0,0
923,0,0.0,0,0,0.0,0.0,1,0.0,0.0,0.0,0.0,1
924,1,0.0,1,1,0.0,0.0,1,0.0,0.0,0.0,0.0,1
925,0,0.0,1,1,0.0,0.0,1,0.0,0.0,0.0,0.0,1
926,1,0.0,1,1,0.0,0.0,0,0.0,0.0,0.0,0.0,0
927,0,0.0,0,0,0.0,0.0,0,0.0,0.0,0.0,0.0,0
928,1,0.0,0,0,0.0,0.0,0,0.0,0.0,0.0,0.0,0
929,0,0.0,0,0,0.0,0.0,1,0.0,0.0,0.0,0.0,1
930,0,0.0,0,0,0.0,0.0,0,0.0,0.0,0.0,0.0,0
931,1,0.0,1,1,0.0,0.0,1,0.0,0.0,0.0,0.0,1
932,0,0.0,0,0,0.0,0.0,0,0.0,0.0,0.0,0.0,0
933,1,0.0,1,1,0.0,0.0,1,0.0,0.0,0.0,0.0,1
934,0,0.0,1,0,0.0,0.0,0,0.0,0.0,0.0,0.0,2
935,1,0.0,0,0,0.0,0.0,0,0.0,0.0,0.0,0.0,0
936,0,0.0,1,0,0.0,0.0,0,0.0,0.0,0.0,0.0,2
937,1,0.0,1,1,0.0,0.0,1,0.0,0.0,0.0,0.0,1
938,0,0.0,0,1,0.0,0.0,0,0.0,0.0,0.0,0.0,0
939,0,0.0,0,0,0.0,0.0,0,0.0,0.0,0.0,0.0,0
940,1,0.0,1,0,0.0,0.0,0,0.0,0.0,0.0,0.0,2
941,0,0.0,0,0,0.0,0.0,0,0.0,0.0,0.0,0.0,0
942,0,0.0,0,0,0.0,0.0,0,0.0,0.0,0.0,0.0,0
943,1,0.0,1,0,0.0,0.0,0,0.0,0.0,0.0,0.0,2
944,0,0.0,0,0,0.0,0.0,0,0.0,0.0,0.0,0.0,0
945,0,0.0,0,0,0.0,0.0,0,0.0,0.0,0.0,0.0,0
946,0,0.0,1,1,0.0,0.0,0,0.0,0.0,0.0,0.0,0
947,0,0.0,0,0,0.0,0.0,0,0.0,0.0,0.0,0.0,0
948,1,0.0,1,0,0.0,0.0,0,0.0,0.0,0.0,0.0,2
949,0,0.0,0,0,0.0,0.0,0,0.0,0.0,0.0,0.0,0
950,1,0.0,1,1,0.0,0.0,1,0.0,0.0,0.0,0.0,1
951,0,0.0,0,0,0.0,0.0,1,0.0,0.0,0.0,0.0,1
952,0,0.0,1,0,0.0,0.0,0,0.0,0.0,0.0,0.0,2
953,1,0.0,1,0,0.0,0.0,0,0.0,0.0,0.0,0.0,2
954,1,0.0,0,1,0.0,0.0,1,0.0,0.0,0.0,0.0,1
955,1,0.0,0,0,0.0,0.0,0,0.0,0.0,0.0,0.0,0
956,0,0.0,1,0,0.0,0.0,1,0.0,0.0,0.0,0.0,2
957,1,0.0,1,1,0.0,0.0,0,0.0,0.0,0.0,0.0,0
958,0,0.0,1,1,0.0,0.0,0,0.0,0.0,0.0,0.0,0
959,0,0.0,0,0,0.0,0.0,0,0.0,0.0,0.0,0.0,0
960,0,0.0,0,0,0.0,0.0,0,0.0,0.0,0.0,0.0,0
961,1,0.0,1,0,0.0,0.0,1,0.0,0.0,0.0,0.0,2
962,0,0.0,0,0,0.0,0.0,0,0.0,0.0,0.0,0.0,0
963,1,0.0,0,0,0.0,0.0,0,0.0,0.0,0.0,0.0,0
964,1,0.0,0,1,0.0,0.0,0,0.0,0.0,0.0,0.0,0
965,1,0.0,1,1,0.0,0.0,0,0.0,0.0,0.0,0.0,0
966,0,0.0,1,1,0.0,0.0,1,0.0,0.0,0.0,0.0,1
967,0,0.0,0,0,0.0,0.0,0,0.0,0.0,0.0,0.0,0
968,1,0.0,1,1,0.0,0.0,1,0.0,0.0,0.0,0.0,1
969,0,0.0,0,0,0.0,0.0,0,0.0,0.0,0.0,0.0,0
970,0,0.0,1,0,0.0,0.0,0,0.0,0.0,0.0,0.0,2
971,1,0.0,1,1,0.0,0.0,1,0.0,0.0,0.0,0.0,1
972,0,0.0,0,0,0.0,0.0,0,0.0,0.0,0.0,0.0,0
973,1,0.0,1,1,0.0,0.0,0,0.0,0.0,0.0,0.0,0
974,1,0.0,1,0,0.0,0.0,0,0.0,0.0,0.0,0.0,2
975,1,0.0,1,0,0.0,0.0,0,0.0,0.0,0.0,0.0,2
976,1,0.0,1,1,0.0,0.0,1,0.0,0.0,0.0,0.0,1
977,1,0.0,1,0,0.0,0.0,1,0.0,0.0,0.0,0.0,2
978,1,0.0,0,1,0.0,0.0,0,0.0,0.0,0.0,0.0,0
979,1,0.0,1,1,0.0,0.0,1,0.0,0.0,0.0,0.0,1
980,0,0.0,1,0,0.0,0.0,0,0.0,0.0,0.0,0.0,2
981,1,0.0,1,0,0.0,0.0,0,0.0,0.0,0.0,0.0,2
982,0,0.0,0,0,0.0,0.0,0,0.0,0.0,0.0,0.0,0
983,1,0.0,0,0,0.0,0.0,0,0.0,0.0,0.0,0.0,0
984,0,0.0,0,0,0.0,0.0,0,0.0,0.0,0.0,0.0,0
985,1,0.0,1,1,0.0,0.0,1,0.0,0.0,0.0,0.0,1
986,0,0.0,1,0,0.0,0.0,0,0.0,0.0,0.0,0.0,2
987,1,0.0,0,0,0.0,0.0,0,0.0,0.0,0.0,0.0,0
988,1,0.0,1,1,0.0,0.0,1,0.0,0.0,0.0,0.0,1
989,1,0.0,1,1,0.0,0.0,1,0.0,0.0,0.0,0.0,1
990,1,0.0,1,0,0.0,0.0,0,0.0,0.0,0.0,0.0,2
991,0,0.0,0,0,0.0,0.0,0,0.0,0.0,0.0,0.0,0
992,1,0.0,0,0,0.0,0.0,0,0.0,0.0,0.0,0.0,0
993,0,0.0,1,0,0.0,0.0,0,0.0,0.0,0.0,0.0,2
994,0,0.0,0,0,0.0,0.0,1,0.0,0.0,0.0,0.0,1
995,0,0.0,0,0,0.0,0.0,0,0.0,0.0,0.0,0.0,0
996,0,0.0,0,0,0.0,0.0,0,0.0,0.0,0.0,0.0,0
997,0,0.0,0,0,0.0,0.0,0,0.0,0.0,0.0,0.0,0
998,1,0.0,1,1,0.0,0.0,0,0.0,0.0,0.0,0.0,0
999,0,0.0,0,0,0.0,0.0,0,0.0,0.0,0.0,0.0,0
1000,1,0.0,1,0,0.0,0.0,1,0.0,0.0,0.0,0.0,2
1001,1,0.0,0,1,0.0,0.0,1,0.0,0.0,0.0,0.0,1
1002,1,0.0,1,1,0.0,0.0,1,0.0,0.0,0.0,0.0,1
1003,0,0.0,0,0,0.0,0.0,0,0.0,0.0,0.0,0.0,0
1004,1,0.0,1,0,0.0,0.0,1,0.0,0.0,0.0,0.0,2
1005,0,0.0,0,0,0.0,0.0,0,0.0,0.0,0.0,0.0,0
1006,0,0.0,0,0,0.0,0.0,0,0.0,0.0,0.0,0.0,0
1007,0,0.0,1,0,0.0,0.0,1,0.0,0.0,0.0,0.0,2
1008,0,0.0,0,0,0.0,0.0,0,0.0,0.0,0.0,0.0,0
1009,0,0.0,0,0,0.0,0.0,0,0.0,0.0,0.0,0.0,0
1010,1,0.0,1,0,0.0,0.0,0,0.0,0.0,0.0,0.0,2
1011,0,0.0,1,0,0.0,0.0,0,0.0,0.0,0.0,0.0,2
1012,0,0.0,1,1,0.0,0.0,0,0.0,0.0,0.0,0.0,0
1013,0,0.0,1,0,0.0,0.0,1,0.0,0.0,0.0,0.0,2
1014,1,0.0,1,0,0.0,0.0,0,0.0,0.0,0.0,0.0,2
1015,0,0.0,1,0,0.0,0.0,0,0.0,0.0,0.0,0.0,2
1016,1,0.0,0,0,0.0,0.0,0,0.0,0.0,0.0,0.0,0
1017,1,0.0,1,1,0.0,0.0,0,0.0,0.0,0.0,0.0,0
1018,1,0.0,0,0,0.0,0.0,0,0.0,0.0,0.0,0.0,0
1019,0,0.0,0,1,0.0,0.0,0,0.0,0.0,0.0,0.0,0
1020,0,0.0,0,0,0.0,0.0,0,0.0,0.0,0.0,0.0,0
1021,0,0.0,0,0,0.0,0.0,0,0.0,0.0,0.0,0.0,0
1022,0,0.0,0,0,0.0,0.0,0,0.0,0.0,0.0,0.0,0
1023,0,0.0,0,0,0.0,0.0,1,0.0,0.0,0.0,0.0,1
1024,0,0.0,0,0,0.0,0.0,0,0.0,0.0,0.0,0.0,0
1025,0,0.0,0,1,0.0,0.0,1,0.0,0.0,0.0,0.0,1
1026,0,0.0,0,0,0.0,0.0,0,0.0,0.0,0.0,0.0,0
1027,1,0.0,1,0,0.0,0.0,0,0.0,0.0,0.0,0.0,2
1028,0,0.0,0,0,0.0,0.0,0,0.0,0.0,0.0,0.0,0
1029,0,0.0,0,0,0.0,0.0,0,0.0,0.0,0.0,0.0,0
1030,0,0.0,0,0,0.0,0.0,0,0.0,0.0,0.0,0.0,0
1031,1,0.0,1,0,0.0,0.0,0,0.0,0.0,0.0,0.0,2
1032,0,0.0,0,1,0.0,0.0,0,0.0,0.0,0.0,0.0,0
1033,1,0.0,1,1,0.0,0.0,0,0.0,0.0,0.0,0.0,0
1034,0,0.0,1,1,0.0,0.0,1,0.0,0.0,0.0,0.0,1
1035,1,0.0,1,1,0.0,0.0,1,0.0,0.0,0.0,0.0,1
1036,1,0.0,0,0,0.0,0.0,0,0.0,0.0,0.0,0.0,0
1037,0,0.0,0,0,0.0,0.0,0,0.0,0.0,0.0,0.0,0
1038,0,0.0,1,0,0.0,0.0,0,0.0,0.0,0.0,0.0,2
1039,0,0.0,0,1,0.0,0.0,0,0.0,0.0,0.0,0.0,0
1040,0,0.0,0,0,0.0,0.0,0,0.0,0.0,0.0,0.0,0
1041,0,0.0,1,0,0.0,0.0,0,0.0,0.0,0.0,0.0,2
1042,0,0.0,0,0,0.0,0.0,0,0.0,0.0,0.0,0.0,0
1043,0,0.0,0,1,0.0,0.0,0,0.0,0.0,0.0,0.0,0
1044,1,0.0,1,1,0.0,0.0,0,0.0,0.0,0.0,0.0,0
1045,1,0.0,1,1,0.0,0.0,0,0.0,0.0,0.0,0.0,0
1046,1,0.0,1,1,0.0,0.0,1,0.0,0.0,0.0,0.0,1
1047,0,0.0,1,1,0.0,0.0,1,0.0,0.0,0.0,0.0,1
1048,0,0.0,0,0,0.0,0.0,0,0.0,0.0,0.0,0.0,0
1049,1,0.0,1,1,0.0,0.0,0,0.0,0.0,0.0,0.0,0
1050,0,0.0,0,0,0.0,0.0,0,0.0,0.0,0.0,0.0,0
1051,0,0.0,1,0,0.0,0.0,1,0.0,0.0,0.0,0.0,2
1052,1,0.0,1,0,0.0,0.0,0,0.0,0.0,0.0,0.0,2
1053,0,0.0,1,0,0.0,0.0,0,0.0,0.0,0.0,0.0,2
1054,0,0.0,0,0,0.0,0.0,0,0.0,0.0,0.0,0.0,0
1055,0,0.0,0,1,0.0,0.0,0,0.0,0.0,0.0,0.0,0
1056,1,0.0,1,1,0.0,0.0,1,0.0,0.0,0.0,0.0,1
1057,0,0.0,0,0,0.0,0.0,0,0.0,0.0,0.0,0.0,0
1058,0,0.0,1,1,0.0,0.0,0,0.0,0.0,0.0,0.0,0
1059,1,0.0,1,0,0.0,0.0,1,0.0,0.0,0.0,0.0,2
1060,0,0.0,0,0,0.0,0.0,0,0.0,0.0,0.0,0.0,0
1061,1,0.0,1,0,0.0,0.0,1,0.0,0.0,0.0,0.0,2
1062,1,0.0,1,1,0.0,0.0,0,0.0,0.0,0.0,0.0,0
1063,1,0.0,1,0,0.0,0.0,1,0.0,0.0,0.0,0.0,2
1064,0,0.0,0,1,0.0,0.0,0,0.0,0.0,0.0,0.0,0
1065,1,0.0,0,0,0.0,0.0,0,0.0,0.0,0.0,0.0,0
1066,0,0.0,0,0,0.0,0.0,0,0.0,0.0,0.0,0.0,0
1067,0,0.0,1,0,0.0,0.0,0,0.0,0.0,0.0,0.0,2
1068,1,0.0,0,0,0.0,0.0,0,0.0,0.0,0.0,0.0,0
1069,0,0.0,0,0,0.0,0.0,0,0.0,0.0,0.0,0.0,0
1070,1,0.0,1,0,0.0,0.0,1,0.0,0.0,0.0,0.0,2
1071,1,0.0,1,0,0.0,0.0,0,0.0,0.0,0.0,0.0,2
1072,1,0.0,0,0,0.0,0.0,1,0.0,0.0,0.0,0.0,1
1073,0,0.0,0,0,0.0,0.0,0,0.0,0.0,0.0,0.0,0
1074,1,0.0,0,0,0.0,0.0,0,0.0,0.0,0.0,0.0,0
1075,1,0.0,1,1,0.0,0.0,0,0.0,0.0,0.0,0.0,0
1076,0,0.0,0,0,0.0,0.0,0,0.0,0.0,0.0,0.0,0
1077,0,0.0,0,0,0.0,0.0,0,0.0,0.0,0.0,0.0,0
1078,1,0.0,0,1,0.0,0.0,1,0.0,0.0,0.0,0.0,1
1079,1,0.0,1,0,0.0,0.0,1,0.0,0.0,0.0,0.0,2
1080,1,0.0,1,0,0.0,0.0,1,0.0,0.0,0.0,0.0,2
1081,0,0.0,1,0,0.0,0.0,0,0.0,0.0,0.0,0.0,2
1082,1,0.0,0,1,0.0,0.0,1,0.0,0.0,0.0,0.0,1
1083,0,0.0,1,0,0.0,0.0,0,0.0,0.0,0.0,0.0,2
1084,0,0.0,0,0,0.0,0.0,0,0.0,0.0,0.0,0.0,0
1085,1,0.0,1,1,0.0,0.0,1,0.0,0.0,0.0,0.0,1
1086,1,0.0,1,0,0.0,0.0,0,0.0,0.0,0.0,0.0,2
1087,1,0.0,0,0,0.0,0.0,0,0.0,0.0,0.0,0.0,0
1088,0,0.0,1,0,0.0,0.0,0,0.0,0.0,0.0,0.0,2
1089,0,0.0,1,0,0.0,0.0,1,0.0,0.0,0.0,0.0,2
1090,1,0.0,1,1,0.0,0.0,0,0.0,0.0,0.0,0.0,0
1091,0,0.0,1,1,0.0,0.0,0,0.0,0.0,0.0,0.0,0
1092,1,0.0,1,0,0.0,0.0,1,0.0,0.0,0.0,0.0,2
1093,1,0.0,0,1,0.0,0.0,0,0.0,0.0,0.0,0.0,0
1094,0,0.0,0,0,0.0,0.0,0,0.0,0.0,0.0,0.0,0
1095,0,0.0,1,0,0.0,0.0,0,0.0,0.0,0.0,0.0,2
1096,0,0.0,1,0,0.0,0.0,1,0.0,0.0,0.0,0.0,2
1097,0,0.0,0,0,0.0,0.0,0,0.0,0.0,0.0,0.0,0
1098,1,0.0,1,1,0.0,0.0,0,0.0,0.0,0.0,0.0,0
1099,0,0.0,0,0,0.0,0.0,0,0.0,0.0,0.0,0.0,0
1100,1,0.0,0,0,0.0,0.0,0,0.0,0.0,0.0,0.0,0
1101,1,0.0,1,0,0.0,0.0,1,0.0,0.0,0.0,0.0,2
1102,1,0.0,1,1,0.0,0.0,0,0.0,0.0,0.0,0.0,0
1103,0,0.0,0,0,0.0,0.0,0,0.0,0.0,0.0,0.0,0
1104,0,0.0,1,0,0.0,0.0,0,0.0,0.0,0.0,0.0,2
1105,0,0.0,1,0,0.0,0.0,1,0.0,0.0,0.0,0.0,2
1106,0,0.0,0,1,0.0,0.0,0,0.0,0.0,0.0,0.0,0
1107,1,0.0,1,1,0.0,0.0,1,0.0,0.0,0.0,0.0,1
1108,0,0.0,0,0,0.0,0.0,0,0.0,0.0,0.0,0.0,0
1109,1,0.0,0,0,0.0,0.0,0,0.0,0.0,0.0,0.0,0
1110,1,0.0,1,1,0.0,0.0,1,0.0,0.0,0.0,0.0,1
1111,1,0.0,1,1,0.0,0.0,0,0.0,0.0,0.0,0.0,0
1112,0,0.0,0,0,0.0,0.0,0,0.0,0.0,0.0,0.0,0
1113,0,0.0,0,0,0.0,0.0,0,0.0,0.0,0.0,0.0,0
1114,1,0.0,1,1,0.0,0.0,0,0.0,0.0,0.0,0.0,0
1115,1,0.0,1,0,0.0,0.0,0,0.0,0.0,0.0,0.0,2
1116,0,0.0,1,0,0.0,0.0,0,0.0,0.0,0.0,0.0,2
1117,1,0.0,0,1,0.0,0.0,0,0.0,0.0,0.0,0.0,0
1118,0,0.0,1,0,0.0,0.0,0,0.0,0.0,0.0,0.0,2
1119,1,0.0,1,1,0.0,0.0,1,0.0,0.0,0.0,0.0,1
1120,0,0.0,1,1,0.0,0.0,1,0.0,0.0,0.0,0.0,1
1121,1,0.0,1,1,0.0,0.0,0,0.0,0.0,0.0,0.0,0
1122,1,0.0,0,1,0.0,0.0,0,0.0,0.0,0.0,0.0,0
1123,1,0.0,1,1,0.0,0.0,0,0.0,0.0,0.0,0.0,0
1124,1,0.0,1,1,0.0,0.0,1,0.0,0.0,0.0,0.0,1
1125,1,0.0,1,0,0.0,0.0,1,0.0,0.0,0.0,0.0,2
1126,1,0.0,1,1,0.0,0.0,1,0.0,0.0,0.0,0.0,1
1127,1,0.0,1,0,0.0,0.0,0,0.0,0.0,0.0,0.0,2
1128,0,0.0,1,0,0.0,0.0,0,0.0,0.0,0.0,0.0,2
1129,0,0.0,0,0,0.0,0.0,0,0.0,0.0,0.0,0.0,0
1130,0,0.0,0,1,0.0,0.0,0,0.0,0.0,0.0,0.0,0
1131,1,0.0,1,1,0.0,0.0,0,0.0,0.0,0.0,0.0,0
1132,1,0.0,0,0,0.0,0.0,1,0.0,0.0,0.0,0.0,1
1133,0,0.0,1,0,0.0,0.0,0,0.0,0.0,0.0,0.0,2
1134,0,0.0,1,0,0.0,0.0,0,0.0,0.0,0.0,0.0,2
1135,0,0.0,0,0,0.0,0.0,0,0.0,0.0,0.0,0.0,0
1136,1,0.0,1,1,0.0,0.0,1,0.0,0.0,0.0,0.0,1
1137,0,0.0,0,1,0.0,0.0,0,0.0,0.0,0.0,0.0,0
1138,1,0.0,1,1,0.0,0.0,0,0.0,0.0,0.0,0.0,0
1139,1,0.0,0,1,0.0,0.0,0,0.0,0.0,0.0,0.0,0
1140,1,0.0,0,1,0.0,0.0,1,0.0,0.0,0.0,0.0,1
1141,0,0.0,0,0,0.0,0.0,0,0.0,0.0,0.0,0.0,0
1142,0,0.0,0,0,0.0,0.0,0,0.0,0.0,0.0,0.0,0
1143,0,0.0,0,0,0.0,0.0,0,0.0,0.0,0.0,0.0,0
1144,0,0.0,0,0,0.0,0.0,0,0.0,0.0,0.0,0.0,0
1145,0,0.0,1,0,0.0,0.0,0,0.0,0.0,0.0,0.0,2
1146,0,0.0,0,0,0.0,0.0,0,0.0,0.0,0.0,0.0,0
1147,0,0.0,1,0,0.0,0.0,0,0.0,0.0,0.0,0.0,2
1148,1,0.0,0,1,0.0,0.0,1,0.0,0.0,0.0,0.0,1
1149,0,0.0,0,0,0.0,0.0,0,0.0,0.0,0.0,0.0,0
1150,1,0.0,1,1,0.0,0.0,1,0.0,0.0,0.0,0.0,1
1151,0,0.0,0,0,0.0,0.0,0,0.0,0.0,0.0,0.0,0
1152,0,0.0,0,0,0.0,0.0,0,0.0,0.0,0.0,0.0,0
1153,1,0.0,1,0,0.0,0.0,0,0.0,0.0,0.0,0.0,2
1154,1,0.0,1,1,0.0,0.0,1,0.0,0.0,0.0,0.0,1
1155,1,0.0,1,1,0.0,0.0,0,0.0,0.0,0.0,0.0,0
1156,0,0.0,1,0,0.0,0.0,1,0.0,0.0,0.0,0.0,2
1157,1,0.0,1,0,0.0,0.0,0,0.0,0.0,0.0,0.0,2
1158,0,0.0,0,0,0.0,0.0,0,0.0,0.0,0.0,0.0,0
1159,0,0.0,0,0,0.0,0.0,0,0.0,0.0,0.0,0.0,0
1160,0,0.0,1,0,0.0,0.0,0,0.0,0.0,0.0,0.0,2
1161,0,0.0,1,1,0.0,0.0,1,0.0,0.0,0.0,0.0,1
1162,1,0.0,0,0,0.0,0.0,0,0.0,0.0,0.0,0.0,0
1163,1,0.0,1,1,0.0,0.0,1,0.0,0.0,0.0,0.0,1
1164,0,0.0,0,0,0.0,0.0,0,0.0,0.0,0.0,0.0,0
1165,0,0.0,0,1,0.0,0.0,0,0.0,0.0,0.0,0.0,0
1166,1,0.0,0,1,0.0,0.0,0,0.0,0.0,0.0,0.0,0
1167,1,0.0,1,0,0.0,0.0,1,0.0,0.0,0.0,0.0,2
1168,0,0.0,1,0,0.0,0.0,0,0.0,0.0,0.0,0.0,2
1169,0,0.0,0,0,0.0,0.0,0,0.0,0.0,0.0,0.0,0
1170,1,0.0,1,0,0.0,0.0,1,0.0,0.0,0.0,0.0,2
1171,0,0.0,0,0,0.0,0.0,0,0.0,0.0,0.0,0.0,0
1172,0,0.0,0,0,0.0,0.0,0,0.0,0.0,0.0,0.0,0
1173,0,0.0,1,0,0.0,0.0,0,0.0,0.0,0.0,0.0,2
1174,0,0.0,0,0,0.0,0.0,0,0.0,0.0,0.0,0.0,0
1175,1,0.0,1,0,0.0,0.0,1,0.0,0.0,0.0,0.0,2
1176,1,0.0,1,1,0.0,0.0,1,0.0,0.0,0.0,0.0,1
1177,1,0.0,0,0,0.0,0.0,1,0.0,0.0,0.0,0.0,1
1178,0,0.0,1,0,0.0,0.0,0,0.0,0.0,0.0,0.0,2
1179,0,0.0,1,0,0.0,0.0,0,0.0,0.0,0.0,0.0,2
1180,1,0.0,1,1,0.0,0.0,0,0.0,0.0,0.0,0.0,0
1181,0,0.0,1,1,0.0,0.0,1,0.0,0.0,0.0,0.0,1
1182,0,0.0,0,0,0.0,0.0,0,0.0,0.0,0.0,0.0,0
1183,0,0.0,0,0,0.0,0.0,0,0.0,0.0,0.0,0.0,0
1184,0,0.0,0,0,0.0,0.0,0,0.0,0.0,0.0,0.0,0
1185,0,0.0,1,0,0.0,0.0,0,0.0,0.0,0.0,0.0,2
1186,0,0.0,0,0,0.0,0.0,0,0.0,0.0,0.0,0.0,0
1187,1,0.0,1,0,0.0,0.0,1,0.0,0.0,0.0,0.0,2
1188,1,0.0,1,0,0.0,0.0,1,0.0,0.0,0.0,0.0,2
1189,1,0.0,1,1,0.0,0.0,1,0.0,0.0,0.0,0.0,1
1190,1,0.0,0,0,0.0,0.0,0,0.0,0.0,0.0,0.0,0
1191,0,0.0,0,0,0.0,0.0,0,0.0,0.0,0.0,0.0,0
1192,0,0.0,1,0,0.0,0.0,1,0.0,0.0,0.0,0.0,2
1193,0,0.0,0,0,0.0,0.0,0,0.0,0.0,0.0,0.0,0
1194,0,0.0,1,1,0.0,0.0,1,0.0,0.0,0.0,0.0,1
1195,1,0.0,1,1,0.0,0.0,0,0.0,0.0,0.0,0.0,0
1196,0,0.0,0,0,0.0,0.0,0,0.0,0.0,0.0,0.0,0
1197,0,0.0,0,0,0.0,0.0,0,0.0,0.0,0.0,0.0,0
1198,1,0.0,0,0,0.0,0.0,1,0.0,0.0,0.0,0.0,1
1199,1,0.0,1,0,0.0,0.0,1,0.0,0.0,0.0,0.0,2
1200,1,0.0,1,0,0.0,0.0,0,0.0,0.0,0.0,0.0,2
1201,1,0.0,0,1,0.0,0.0,1,0.0,0.0,0.0,0.0,1
1202,1,0.0,1,0,0.0,0.0,0,0.0,0.0,0.0,0.0,2
1203,0,0.0,0,0,0.0,0.0,0,0.0,0.0,0.0,0.0,0
1204,0,0.0,0,0,0.0,0.0,0,0.0,0.0,0.0,0.0,0
1205,0,0.0,0,0,0.0,0.0,0,0.0,0.0,0.0,0.0,0
1206,1,0.0,1,0,0.0,0.0,0,0.0,0.0,0.0,0.0,2
1207,1,0.0,1,0,0.0,0.0,0,0.0,0.0,0.0,0.0,2
1208,1,0.0,0,0,0.0,0.0,0,0.0,0.0,0.0,0.0,0
1209,0,0.0,0,0,0.0,0.0,0,0.0,0.0,0.0,0.0,0
1210,0,0.0,0,0,0.0,0.0,0,0.0,0.0,0.0,0.0,0
1211,0,0.0,1,1,0.0,0.0,1,0.0,0.0,0.0,0.0,1
1212,1,0.0,0,0,0.0,0.0,0,0.0,0.0,0.0,0.0,0
1213,0,0.0,1,0,0.0,0.0,1,0.0,0.0,0.0,0.0,2
1214,0,0.0,0,0,0.0,0.0,0,0.0,0.0,0.0,0.0,0
1215,1,0.0,0,0,0.0,0.0,0,0.0,0.0,0.0,0.0,0
1216,0,0.0,0,0,0.0,0.0,0,0.0,0.0,0.0,0.0,0
1217,0,0.0,0,0,0.0,0.0,0,0.0,0.0,0.0,0.0,0
1218,0,0.0,0,0,0.0,0.0,0,0.0,0.0,0.0,0.0,0
1219,1,0.0,0,0,0.0,0.0,0,0.0,0.0,0.0,0.0,0
1220,0,0.0,1,1,0.0,0.0,1,0.0,0.0,0.0,0.0,1
1221,0,0.0,0,0,0.0,0.0,0,0.0,0.0,0.0,0.0,0
1222,1,0.0,0,1,0.0,0.0,0,0.0,0.0,0.0,0.0,0
1223,1,0.0,0,0,0.0,0.0,1,0.0,0.0,0.0,0.0,1
1224,1,0.0,1,1,0.0,0.0,1,0.0,0.0,0.0,0.0,1
1225,0,0.0,0,0,0.0,0.0,0,0.0,0.0,0.0,0.0,0
1226,0,0.0,1,0,0.0,0.0,0,0.0,0.0,0.0,0.0,2
1227,0,0.0,0,1,0.0,0.0,0,0.0,0.0,0.0,0.0,0
1228,0,0.0,0,0,0.0,0.0,0,0.0,0.0,0.0,0.0,0
1229,0,0.0,0,0,0.0,0.0,0,0.0,0.0,0.0,0.0,0
1230,1,0.0,1,0,0.0,0.0,0,0.0,0.0,0.0,0.0,2
1231,1,0.0,1,1,0.0,0.0,1,0.0,0.0,0.0,0.0,1
1232,0,0.0,0,0,0.0,0.0,0,0.0,0.0,0.0,0.0,0
1233,0,0.0,1,0,0.0,0.0,0,0.0,0.0,0.0,0.0,2
1234,0,0.0,0,0,0.0,0.0,0,0.0,0.0,0.0,0.0,0
1235,1,0.0,1,1,0.0,0.0,1,0.0,0.0,0.0,0.0,1
1236,0,0.0,1,0,0.0,0.0,0,0.0,0.0,0.0,0.0,2
1237,0,0.0,0,0,0.0,0.0,0,0.0,0.0,0.0,0.0,0
1238,0,0.0,0,0,0.0,0.0,0,0.0,0.0,0.0,0.0,0
1239,0,0.0,0,0,0.0,0.0,0,0.0,0.0,0.0,0.0,0
1240,1,0.0,0,0,0.0,0.0,0,0.0,0.0,0.0,0.0,0
1241,1,0.0,1,1,0.0,0.0,1,0.0,0.0,0.0,0.0,1
1242,0,0.0,0,0,0.0,0.0,0,0.0,0.0,0.0,0.0,0
1243,1,0.0,1,1,0.0,0.0,1,0.0,0.0,0.0,0.0,1
1244,0,0.0,0,1,0.0,0.0,0,0.0,0.0,0.0,0.0,0
1245,1,0.0,1,1,0.0,0.0,1,0.0,0.0,0.0,0.0,1
1246,1,0.0,1,0,0.0,0.0,1,0.0,0.0,0.0,0.0,2
1247,1,0.0,0,1,0.0,0.0,0,0.0,0.0,0.0,0.0,0
1248,0,0.0,0,0,0.0,0.0,1,0.0,0.0,0.0,0.0,1
1249,1,0.0,0,0,0.0,0.0,0,0.0,0.0,0.0,0.0,0
1250,1,0.0,1,0,0.0,0.0,0,0.0,0.0,0.0,0.0,2
1251,0,0.0,1,0,0.0,0.0,0,0.0,0.0,0.0,0.0,2
1252,1,0.0,1,1,0.0,0.0,0,0.0,0.0,0.0,0.0,0
1253,1,0.0,0,0,0.0,0.0,0,0.0,0.0,0.0,0.0,0
1254,1,0.0,0,0,0.0,0.0,0,0.0,0.0,0.0,0.0,0
1255,1,0.0,1,0,0.0,0.0,1,0.0,0.0,0.0,0.0,2
1256,0,0.0,0,0,0.0,0.0,0,0.0,0.0,0.0,0.0,0
1257,0,0.0,1,1,0.0,0.0,0,0.0,0.0,0.0,0.0,0
1258,0,0.0,0,1,0.0,0.0,0,0.0,0.0,0.0,0.0,0
1259,0,0.0,0,0,0.0,0.0,1,0.0,0.0,0.0,0.0,1
1260,0,0.0,0,0,0.0,0.0,0,0.0,0.0,0.0,0.0,0
1261,1,0.0,1,0,0.0,0.0,0,0.0,0.0,0.0,0.0,2
1262,0,0.0,1,0,0.0,0.0,0,0.0,0.0,0.0,0.0,2
1263,0,0.0,1,0,0.0,0.0,0,0.0,0.0,0.0,0.0,2
1264,0,0.0,0,0,0.0,0.0,0,0.0,0.0,0.0,0.0,0
1265,1,0.0,0,0,0.0,0.0,1,0.0,0.0,0.0,0.0,1
1266,0,0.0,0,0,0.0,0.0,0,0.0,0.0,0.0,0.0,0
1267,0,0.0,0,0,0.0,0.0,0,0.0,0.0,0.0,0.0,0
1268,0,0.0,0,1,0.0,0.0,1,0.0,0.0,0.0,0.0,1
1269,0,0.0,1,0,0.0,0.0,1,0.0,0.0,0.0,0.0,2
1270,1,0.0,0,0,0.0,0.0,0,0.0,0.0,0.0,0.0,0
1271,0,0.0,0,0,0.0,0.0,0,0.0,0.0,0.0,0.0,0
1272,0,0.0,0,0,0.0,0.0,1,0.0,0.0,0.0,0.0,1
1273,1,0.0,0,0,0.0,0.0,0,0.0,0.0,0.0,0.0,0
1274,0,0.0,1,0,0.0,0.0,0,0.0,0.0,0.0,0.0,2
1275,0,0.0,0,0,0.0,0.0,0,0.0,0.0,0.0,0.0,0
1276,1,0.0,1,0,0.0,0.0,1,0.0,0.0,0.0,0.0,2
1277,0,0.0,0,1,0.0,0.0,0,0.0,0.0,0.0,0.0,0
1278,1,0.0,1,1,0.0,0.0,0,0.0,0.0,0.0,0.0,0
1279,0,0.0,0,0,0.0,0.0,0,0.0,0.0,0.0,0.0,0
1280,1,0.0,1,0,0.0,0.0,0,0.0,0.0,0.0,0.0,2
1281,0,0.0,0,0,0.0,0.0,0,0.0,0.0,0.0,0.0,0
1282,0,0.0,0,0,0.0,0.0,1,0.0,0.0,0.0,0.0,1
1283,1,0.0,1,1,0.0,0.0,1,0.0,0.0,0.0,0.0,1
1284,0,0.0,0,0,0.0,0.0,0,0.0,0.0,0.0,0.0,0
1285,1,0.0,1,0,0.0,0.0,1,0.0,0.0,0.0,0.0,2
1286,0,0.0,1,0,0.0,0.0,0,0.0,0.0,0.0,0.0,2
1287,1,0.0,1,0,0.0,0.0,1,0.0,0.0,0.0,0.0,2
1288,0,0.0,1,0,0.0,0.0,0,0.0,0.0,0.0,0.0,2
1289,0,0.0,1,0,0.0,0.0,0,0.0,0.0,0.0,0.0,2
1290,1,0.0,1,1,0.0,0.0,1,0.0,0.0,0.0,0.0,1
1291,1,0.0,0,0,0.0,0.0,0,0.0,0.0,0.0,0.0,0
1292,1,0.0,1,0,0.0,0.0,1,0.0,0.0,0.0,0.0,2
1293,0,0.0,1,1,0.0,0.0,0,0.0,0.0,0.0,0.0,0
1294,0,0.0,0,0,0.0,0.0,0,0.0,0.0,0.0,0.0,0
1295,1,0.0,0,1,0.0,0.0,1,0.0,0.0,0.0,0.0,1
1296,1,0.0,1,1,0.0,0.0,1,0.0,0.0,0.0,0.0,1
1297,1,0.0,1,0,0.0,0.0,1,0.0,0.0,0.0,0.0,2
1298,1,0.0,1,0,0.0,0.0,0,0.0,0.0,0.0,0.0,2
1299,1,0.0,0,0,0.0,0.0,0,0.0,0.0,0.0,0.0,0
1300,1,0.0,1,1,0.0,0.0,1,0.0,0.0,0.0,0.0,1
1301,1,0.0,0,0,0.0,0.0,0,0.0,0.0,0.0,0.0,0
1302,1,0.0,1,0,0.0,0.0,1,0.0,0.0,0.0,0.0,2
1303,1,0.0,1,1,0.0,0.0,0,0.0,0.0,0.0,0.0,0
1304,0,0.0,0,1,0.0,0.0,0,0.0,0.0,0.0,0.0,0
1305,1,0.0,0,0,0.0,0.0,0,0.0,0.0,0.0,0.0,0
1306,1,0.0,0,0,0.0,0.0,1,0.0,0.0,0.0,0.0,1
1307,0,0.0,1,0,0.0,0.0,0,0.0,0.0,0.0,0.0,2
1308,1,0.0,1,1,0.0,0.0,0,0.0,0.0,0.0,0.0,0
1309,1,0.0,1,1,0.0,0.0,1,0.0,0.0,0.0,0.0,1
1310,0,0.0,1,0,0.0,0.0,1,0.0,0.0,0.0,0.0,2
1311,0,0.0,1,0,0.0,0.0,0,0.0,0.0,0.0,0.0,2
1312,0,0.0,0,1,0.0,0.0,0,0.0,0.0,0.0,0.0,0
1313,0,0.0,0,1,0.0,0.0,0,0.0,0.0,0.0,0.0,0
1314,1,0.0,1,0,0.0,0.0,1,0.0,0.0,0.0,0.0,2
1315,0,0.0,0,1,0.0,0.0,0,0.0,0.0,0.0,0.0,0
1316,1,0.0,0,0,0.0,0.0,0,0.0,0.0,0.0,0.0,0
1317,0,0.0,1,0,0.0,0.0,0,0.0,0.0,0.0,0.0,2
1318,0,0.0,0,0,0.0,0.0,0,0.0,0.0,0.0,0.0,0
1319,0,0.0,0,0,0.0,0.0,0,0.0,0.0,0.0,0.0,0
1320,1,0.0,0,1,0.0,0.0,0,0.0,0.0,0.0,0.0,0
1321,1,0.0,1,0,0.0,0.0,0,0.0,0.0,0.0,0.0,2
1322,1,0.0,0,1,0.0,0.0,1,0.0,0.0,0.0,0.0,1
1323,0,0.0,1,0,0.0,0.0,1,0.0,0.0,0.0,0.0,2
1324,1,0.0,0,0,0.0,0.0,0,0.0,0.0,0.0,0.0,0
1325,1,0.0,1,0,0.0,0.0,0,0.0,0.0,0.0,0.0,2
1326,0,0.0,0,0,0.0,0.0,0,0.0,0.0,0.0,0.0,0
1327,0,0.0,1,1,0.0,0.0,0,0.0,0.0,0.0,0.0,0
1328,0,0.0,1,0,0.0,0.0,1,0.0,0.0,0.0,0.0,2
1329,0,0.0,0,0,0.0,0.0,0,0.0,0.0,0.0,0.0,0
1330,0,0.0,0,0,0.0,0.0,0,0.0,0.0,0.0,0.0,0
1331,0,0.0,0,0,0.0,0.0,0,0.0,0.0,0.0,0.0,0
1332,1,0.0,1,1,0.0,0.0,1,0.0,0.0,0.0,0.0,1
1333,0,0.0,1,0,0.0,0.0,0,0.0,0.0,0.0,0.0,2
1334,1,0.0,1,0,0.0,0.0,0,0.0,0.0,0.0,0.0,2
1335,1,0.0,0,0,0.0,0.0,0,0.0,0.0,0.0,0.0,0
1336,0,0.0,1,0,0.0,0.0,0,0.0,0.0,0.0,0.0,2
1337,0,0.0,0,0,0.0,0.0,0,0.0,0.0,0.0,0.0,0
1338,1,0.0,1,1,0.0,0.0,1,0.0,0.0,0.0,0.0,1
1339,1,0.0,0,1,0.0,0.0,0,0.0,0.0,0.0,0.0,0
1340,0,0.0,1,1,0.0,0.0,0,0.0,0.0,0.0,0.0,0
1341,0,0.0,1,0,0.0,0.0,0,0.0,0.0,0.0,0.0,2
1342,0,0.0,0,0,0.0,0.0,0,0.0,0.0,0.0,0.0,0
1343,0,0.0,0,0,0.0,0.0,0,0.0,0.0,0.0,0.0,0
1344,1,0.0,0,0,0.0,0.0,0,0.0,0.0,0.0,0.0,0
1345,1,0.0,1,1,0.0,0.0,1,0.0,0.0,0.0,0.0,1
1346,1,0.0,1,0,0.0,0.0,1,0.0,0.0,0.0,0.0,2
1347,1,0.0,1,1,0.0,0.0,0,0.0,0.0,0.0,0.0,0
1348,1,0.0,1,0,0.0,0.0,1,0.0,0.0,0.0,0.0,2
1349,0,0.0,1,1,0.0,0.0,1,0.0,0.0,0.0,0.0,1
1350,0,0.0,0,0,0.0,0.0,0,0.0,0.0,0.0,0.0,0
1351,0,0.0,0,0,0.0,0.0,0,0.0,0.0,0.0,0.0,0
1352,0,0.0,0,0,0.0,0.0,0,0.0,0.0,0.0,0.0,0
1353,0,0.0,0,0,0.0,0.0,0,0.0,0.0,0.0,0.0,0
1354,1,0.0,1,1,0.0,0.0,1,0.0,0.0,0.0,0.0,1
1355,0,0.0,0,1,0.0,0.0,0,0.0,0.0,0.0,0.0,0
1356,1,0.0,0,1,0.0,0.0,0,0.0,0.0,0.0,0.0,0
1357,0,0.0,1,1,0.0,0.0,0,0.0,0.0,0.0,0.0,0
1358,1,0.0,1,1,0.0,0.0,1,0.0,0.0,0.0,0.0,1
1359,0,0.0,1,0,0.0,0.0,0,0.0,0.0,0.0,0.0,2
1360,1,0.0,0,0,0.0,0.0,1,0.0,0.0,0.0,0.0,1
1361,0,0.0,0,0,0.0,0.0,0,0.0,0.0,0.0,0.0,0
1362,0,0.0,0,0,0.0,0.0,0,0.0,0.0,0.0,0.0,0
1363,1,0.0,0,0,0.0,0.0,0,0.0,0.0,0.0,0.0,0
1364,0,0.0,1,0,0.0,0.0,0,0.0,0.0,0.0,0.0,2
1365,1,0.0,1,1,0.0,0.0,1,0.0,0.0,0.0,0.0,1
1366,1,0.0,0,0,0.0,0.0,1,0.0,0.0,0.0,0.0,1
1367,1,0.0,1,1,0.0,0.0,0,0.0,0.0,0.0,0.0,0
1368,1,0.0,1,1,0.0,0.0,0,0.0,0.0,0.0,0.0,0
1369,1,0.0,1,0,0.0,0.0,1,0.0,0.0,0.0,0.0,2
1370,0,0.0,1,1,0.0,0.0,0,0.0,0.0,0.0,0.0,0
1371,1,0.0,1,1,0.0,0.0,0,0.0,0.0,0.0,0.0,0
1372,1,0.0,1,1,0.0,0.0,1,0.0,0.0,0.0,0.0,1
1373,0,0.0,1,0,0.0,0.0,0,0.0,0.0,0.0,0.0,2
1374,0,0.0,0,0,0.0,0.0,0,0.0,0.0,0.0,0.0,0
1375,0,0.0,0,0,0.0,0.0,0,0.0,0.0,0.0,0.0,0
1376,1,0.0,1,0,0.0,0.0,0,0.0,0.0,0.0,0.0,2
1377,0,0.0,0,0,0.0,0.0,0,0.0,0.0,0.0,0.0,0
1378,1,0.0,1,0,0.0,0.0,0,0.0,0.0,0.0,0.0,2
1379,0,0.0,0,0,0.0,0.0,0,0.0,0.0,0.0,0.0,0
1380,0,0.0,1,1,0.0,0.0,0,0.0,0.0,0.0,0.0,0
1381,0,0.0,0,0,0.0,0.0,0,0.0,0.0,0.0,0.0,0
1382,0,0.0,0,0,0.0,0.0,0,0.0,0.0,0.0,0.0,0
1383,0,0.0,0,0,0.0,0.0,0,0.0,0.0,0.0,0.0,0
1384,1,0.0,1,0,0.0,0.0,1,0.0,0.0,0.0,0.0,2
1385,1,0.0,0,0,0.0,0.0,0,0.0,0.0,0.0,0.0,0
1386,1,0.0,0,0,0.0,0.0,0,0.0,0.0,0.0,0.0,0
1387,0,0.0,1,0,0.0,0.0,1,0.0,0.0,0.0,0.0,2
1388,1,0.0,1,1,0.0,0.0,1,0.0,0.0,0.0,0.0,1
1389,0,0.0,1,0,0.0,0.0,0,0.0,0.0,0.0,0.0,2
1390,0,0.0,0,0,0.0,0.0,0,0.0,0.0,0.0,0.0,0
1391,0,0.0,1,0,0.0,0.0,0,0.0,0.0,0.0,0.0,2
1392,0,0.0,0,0,0.0,0.0,0,0.0,0.0,0.0,0.0,0
1393,0,0.0,0,0,0.0,0.0,0,0.0,0.0,0.0,0.0,0
1394,1,0.0,0,0,0.0,0.0,0,0.0,0.0,0.0,0.0,0
1395,0,0.0,1,0,0.0,0.0,1,0.0,0.0,0.0,0.0,2
1396,0,0.0,1,1,0.0,0.0,0,0.0,0.0,0.0,0.0,0
1397,0,0.0,0,0,0.0,0.0,1,0.0,0.0,0.0,0.0,1
1398,1,0.0,1,0,0.0,0.0,0,0.0,0.0,0.0,0.0,2
1399,0,0.0,1,0,0.0,0.0,0,0.0,0.0,0.0,0.0,2
1400,0,0.0,0,0,0.0,0.0,1,0.0,0.0,0.0,0.0,1
1401,0,0.0,1,0,0.0,0.0,0,0.0,0.0,0.0,0.0,2
1402,0,0.0,0,1,0.0,0.0,0,0.0,0.0,0.0,0.0,0
1403,1,0.0,1,0,0.0,0.0,0,0.0,0.0,0.0,0.0,2
1404,0,0.0,1,1,0.0,0.0,0,0.0,0.0,0.0,0.0,0
1405,1,0.0,1,1,0.0,0.0,0,0.0,0.0,0.0,0.0,0
1406,1,0.0,1,1,0.0,0.0,1,0.0,0.0,0.0,0.0,1
1407,1,0.0,1,1,0.0,0.0,1,0.0,0.0,0.0,0.0,1
1408,0,0.0,1,0,0.0,0.0,0,0.0,0.0,0.0,0.0,2
1409,1,0.0,0,0,0.0,0.0,0,0.0,0.0,0.0,0.0,0
1410,0,0.0,0,0,0.0,0.0,0,0.0,0.0,0.0,0.0,0
1411,1,0.0,1,1,0.0,0.0,1,0.0,0.0,0.0,0.0,1
1412,1,0.0,1,1,0.0,0.0,0,0.0,0.0,0.0,0.0,0
1413,0,0.0,0,1,0.0,0.0,0,0.0,0.0,0.0,0.0,0
1414,1,0.0,1,0,0.0,0.0,1,0.0,0.0,0.0,0.0,2
1415,0,0.0,0,0,0.0,0.0,0,0.0,0.0,0.0,0.0,0
1416,0,0.0,0,0,0.0,0.0,0,0.0,0.0,0.0,0.0,0
1417,0,0.0,0,0,0.0,0.0,0,0.0,0.0,0.0,0.0,0
1418,0,0.0,1,0,0.0,0.0,0,0.0,0.0,0.0,0.0,2
1419,1,0.0,0,0,0.0,0.0,1,0.0,0.0,0.0,0.0,1
1420,0,0.0,0,1,0.0,0.0,0,0.0,0.0,0.0,0.0,0
1421,0,0.0,1,0,0.0,0.0,1,0.0,0.0,0.0,0.0,2
1422,1,0.0,0,0,0.0,0.0,0,0.0,0.0,0.0,0.0,0
1423,0,0.0,0,0,0.0,0.0,0,0.0,0.0,0.0,0.0,0
1424,1,0.0,0,0,0.0,0.0,1,0.0,0.0,0.0,0.0,1
1425,1,0.0,1,0,0.0,0.0,1,0.0,0.0,0.0,0.0,2
1426,0,0.0,1,0,0.0,0.0,1,0.0,0.0,0.0,0.0,2
1427,0,0.0,0,0,0.0,0.0,0,0.0,0.0,0.0,0.0,0
1428,0,0.0,1,0,0.0,0.0,1,0.0,0.0,0.0,0.0,2
1429,0,0.0,1,1,0.0,0.0,0,0.0,0.0,0.0,0.0,0
1430,0,0.0,0,0,0.0,0.0,0,0.0,0.0,0.0,0.0,0
1431,1,0.0,0,0,0.0,0.0,0,0.0,0.0,0.0,0.0,0
1432,0,0.0,0,0,0.0,0.0,0,0.0,0.0,0.0,0.0,0
1433,0,0.0,0,0,0.0,0.0,0,0.0,0.0,0.0,0.0,0
1434,1,0.0,1,1,0.0,0.0,0,0.0,0.0,0.0,0.0,0
1435,0,0.0,0,0,0.0,0.0,0,0.0,0.0,0.0,0.0,0
1436,0,0.0,0,0,0.0,0.0,0,0.0,0.0,0.0,0.0,0
1437,0,0.0,0,0,0.0,0.0,0,0.0,0.0,0.0,0.0,0
1438,1,0.0,1,1,0.0,0.0,1,0.0,0.0,0.0,0.0,1
1439,0,0.0,0,0,0.0,0.0,0,0.0,0.0,0.0,0.0,0
1440,1,0.0,1,0,0.0,0.0,0,0.0,0.0,0.0,0.0,2
1441,0,0.0,0,0,0.0,0.0,0,0.0,0.0,0.0,0.0,0
1442,0,0.0,0,1,0.0,0.0,0,0.0,0.0,0.0,0.0,0
1443,0,0.0,1,0,0.0,0.0,0,0.0,0.0,0.0,0.0,2
1444,1,0.0,1,1,0.0,0.0,0,0.0,0.0,0.0,0.0,0
1445,0,0.0,0,0,0.0,0.0,0,0.0,0.0,0.0,0.0,0
1446,1,0.0,0,1,0.0,0.0,0,0.0,0.0,0.0,0.0,0
1447,1,0.0,1,1,0.0,0.0,1,0.0,0.0,0.0,0.0,1
1448,0,0.0,1,1,0.0,0.0,1,0.0,0.0,0.0,0.0,1
1449,1,0.0,0,0,0.0,0.0,0,0.0,0.0,0.0,0.0,0
1450,0,0.0,0,0,0.0,0.0,0,0.0,0.0,0.0,0.0,0
1451,1,0.0,1,0,0.0,0.0,0,0.0,0.0,0.0,0.0,2
1452,1,0.0,1,0,0.0,0.0,0,0.0,0.0,0.0,0.0,2
1453,1,0.0,0,0,0.0,0.0,1,0.0,0.0,0.0,0.0,1
1454,1,0.0,1,1,0.0,0.0,0,0.0,0.0,0.0,0.0,0
1455,1,0.0,1,0,0.0,0.0,1,0.0,0.0,0.0,0.0,2
1456,1,0.0,0,1,0.0,0.0,0,0.0,0.0,0.0,0.0,0
1457,0,0.0,0,0,0.0,0.0,0,0.0,0.0,0.0,0.0,0
1458,1,0.0,1,1,0.0,0.0,1,0.0,0.0,0.0,0.0,1
1459,0,0.0,0,1,0.0,0.0,0,0.0,0.0,0.0,0.0,0
1460,1,0.0,0,0,0.0,0.0,0,0.0,0.0,0.0,0.0,0
1461,1,0.0,1,1,0.0,0.0,0,0.0,0.0,0.0,0.0,0
1462,0,0.0,0,0,0.0,0.0,0,0.0,0.0,0.0,0.0,0
1463,0,0.0,1,0,0.0,0.0,0,0.0,0.0,0.0,0.0,2
1464,1,0.0,0,0,0.0,0.0,0,0.0,0.0,0.0,0.0,0
1465,0,0.0,0,0,0.0,0.0,1,0.0,0.0,0.0,0.0,1
1466,0,0.0,1,1,0.0,0.0,0,0.0,0.0,0.0,0.0,0
1467,0,0.0,0,0,0.0,0.0,0,0.0,0.0,0.0,0.0,0
1468,0,0.0,1,0,0.0,0.0,1,0.0,0.0,0.0,0.0,2
1469,1,0.0,0,0,0.0,0.0,0,0.0,0.0,0.0,0.0,0
1470,0,0.0,0,0,0.0,0.0,0,0.0,0.0,0.0,0.0,0
1471,1,0.0,1,1,0.0,0.0,0,0.0,0.0,0.0,0.0,0
1472,1,0.0,1,1,0.0,0.0,1,0.0,0.0,0.0,0.0,1
1473,0,0.0,1,0,0.0,0.0,0,0.0,0.0,0.0,0.0,2
1474,1,0.0,1,0,0.0,0.0,1,0.0,0.0,0.0,0.0,2
1475,0,0.0,0,0,0.0,0.0,0,0.0,0.0,0.0,0.0,0
1476,0,0.0,1,0,0.0,0.0,0,0.0,0.0,0.0,0.0,2
1477,1,0.0,1,0,0.0,0.0,0,0.0,0.0,0.0,0.0,2
1478,0,0.0,0,0,0.0,0.0,0,0.0,0.0,0.0,0.0,0
1479,1,0.0,1,1,0.0,0.0,1,0.0,0.0,0.0,0.0,1
1480,0,0.0,0,0,0.0,0.0,0,0.0,0.0,0.0,0.0,0
1481,1,0.0,1,0,0.0,0.0,0,0.0,0.0,0.0,0.0,2
1482,1,0.0,1,0,0.0,0.0,1,0.0,0.0,0.0,0.0,2
1483,0,0.0,0,0,0.0,0.0,0,0.0,0.0,0.0,0.0,0
1484,0,0.0,0,0,0.0,0.0,0,0.0,0.0,0.0,0.0,0
1485,1,0.0,1,1,0.0,0.0,1,0.0,0.0,0.0,0.0,1
1486,0,0.0,0,0,0.0,0.0,0,0.0,0.0,0.0,0.0,0
1487,0,0.0,1,1,0.0,0.0,0,0.0,0.0,0.0,0.0,0
1488,1,0.0,0,0,0.0,0.0,0,0.0,0.0,0.0,0.0,0
1489,1,0.0,0,1,0.0,0.0,0,0.0,0.0,0.0,0.0,0
1490,0,0.0,0,1,0.0,0.0,0,0.0,0.0,0.0,0.0,0
1491,0,0.0,0,0,0.0,0.0,0,0.0,0.0,0.0,0.0,0
1492,1,0.0,1,1,0.0,0.0,0,0.0,0.0,0.0,0.0,0
1493,0,0.0,1,0,0.0,0.0,0,0.0,0.0,0.0,0.0,2
1494,0,0.0,0,0,0.0,0.0,0,0.0,0.0,0.0,0.0,0
1495,0,0.0,0,0,0.0,0.0,0,0.0,0.0,0.0,0.0,0
1496,1,0.0,0,0,0.0,0.0,1,0.0,0.0,0.0,0.0,1
1497,1,0.0,1,0,0.0,0.0,0,0.0,0.0,0.0,0.0,2
1498,0,0.0,1,0,0.0,0.0,0,0.0,0.0,0.0,0.0,2
1499,0,0.0,1,0,0.0,0.0,0,0.0,0.0,0.0,0.0,2
1500,0,0.0,1,0,0.0,0.0,0,0.0,0.0,0.0,0.0,2
1501,1,0.0,1,0,0.0,0.0,1,0.0,0.0,0.0,0.0,2
1502,0,0.0,0,1,0.0,0.0,0,0.0,0.0,0.0,0.0,0
1503,0,0.0,0,0,0.0,0.0,0,0.0,0.0,0.0,0.0,0
1504,0,0.0,0,0,0.0,0.0,0,0.0,0.0,0.0,0.0,0
1505,0,0.0,0,0,0.0,0.0,1,0.0,0.0,0.0,0.0,1
1506,0,0.0,0,0,0.0,0.0,0,0.0,0.0,0.0,0.0,0
1507,0,0.0,1,0,0.0,0.0,0,0.0,0.0,0.0,0.0,2
1508,1,0.0,0,0,0.0,0.0,0,0.0,0.0,0.0,0.0,0
1509,0,0.0,0,0,0.0,0.0,0,0.0,0.0,0.0,0.0,0
1510,1,0.0,1,0,0.0,0.0,1,0.0,0.0,0.0,0.0,2
1511,1,0.0,1,0,0.0,0.0,0,0.0,0.0,0.0,0.0,2
1512,0,0.0,0,0,0.0,0.0,0,0.0,0.0,0.0,0.0,0
1513,0,0.0,0,0,0.0,0.0,0,0.0,0.0,0.0,0.0,0
1514,1,0.0,0,0,0.0,0.0,1,0.0,0.0,0.0,0.0,1
1515,1,0.0,1,1,0.0,0.0,1,0.0,0.0,0.0,0.0,1
1516,1,0.0,0,0,0.0,0.0,1,0.0,0.0,0.0,0.0,1
1517,0,0.0,0,0,0.0,0.0,0,0.0,0.0,0.0,0.0,0
1518,0,0.0,0,0,0.0,0.0,0,0.0,0.0,0.0,0.0,0
1519,1,0.0,1,1,0.0,0.0,1,0.0,0.0,0.0,0.0,1
1520,1,0.0,1,0,0.0,0.0,0,0.0,0.0,0.0,0.0,2
1521,0,0.0,0,0,0.0,0.0,0,0.0,0.0,0.0,0.0,0
1522,1,0.0,1,1,0.0,0.0,1,0.0,0.0,0.0,0.0,1
1523,1,0.0,1,0,0.0,0.0,1,0.0,0.0,0.0,0.0,2
1524,0,0.0,1,0,0.0,0.0,1,0.0,0.0,0.0,0.0,2
1525,0,0.0,1,0,0.0,0.0,0,0.0,0.0,0.0,0.0,2
1526,0,0.0,1,0,0.0,0.0,0,0.0,0.0,0.0,0.0,2
1527,1,0.0,0,0,0.0,0.0,0,0.0,0.0,0.0,0.0,0
1528,1,0.0,1,1,0.0,0.0,0,0.0,0.0,0.0,0.0,0
1529,0,0.0,0,1,0.0,0.0,0,0.0,0.0,0.0,0.0,0
1530,1,0.0,1,1,0.0,0.0,1,0.0,0.0,0.0,0.0,1
1531,0,0.0,0,0,0.0,0.0,0,0.0,0.0,0.0,0.0,0
1532,0,0.0,0,0,0.0,0.0,1,0.0,0.0,0.0,0.0,1
1533,0,0.0,0,0,0.0,0.0,1,0.0,0.0,0.0,0.0,1
1534,0,0.0,1,0,0.0,0.0,0,0.0,0.0,0.0,0.0,2
1535,1,0.0,1,0,0.0,0.0,0,0.0,0.0,0.0,0.0,2
1536,0,0.0,0,0,0.0,0.0,0,0.0,0.0,0.0,0.0,0
1537,1,0.0,0,0,0.0,0.0,0,0.0,0.0,0.0,0.0,0
1538,1,0.0,1,0,0.0,0.0,1,0.0,0.0,0.0,0.0,2
1539,1,0.0,0,0,0.0,0.0,0,0.0,0.0,0.0,0.0,0
1540,0,0.0,0,1,0.0,0.0,0,0.0,0.0,0.0,0.0,0
1541,1,0.0,1,1,0.0,0.0,0,0.0,0.0,0.0,0.0,0
1542,0,0.0,0,1,0.0,0.0,1,0.0,0.0,0.0,0.0,1
1543,0,0.0,0,1,0.0,0.0,0,0.0,0.0,0.0,0.0,0
1544,0,0.0,1,0,0.0,0.0,0,0.0,0.0,0.0,0.0,2
1545,1,0.0,1,1,0.0,0.0,1,0.0,0.0,0.0,0.0,1
1546,0,0.0,0,0,0.0,0.0,0,0.0,0.0,0.0,0.0,0
1547,0,0.0,0,0,0.0,0.0,0,0.0,0.0,0.0,0.0,0
1548,0,0.0,0,0,0.0,0.0,0,0.0,0.0,0.0,0.0,0
1549,0,0.0,0,0,0.0,0.0,0,0.0,0.0,0.0,0.0,0
1550,1,0.0,1,1,0.0,0.0,1,0.0,0.0,0.0,0.0,1
1551,0,0.0,1,0,0.0,0.0,0,0.0,0.0,0.0,0.0,2
1552,0,0.0,0,0,0.0,0.0,1,0.0,0.0,0.0,0.0,1
1553,0,0.0,1,0,0.0,0.0,0,0.0,0.0,0.0,0.0,2
1554,1,0.0,1,0,0.0,0.0,0,0.0,0.0,0.0,0.0,2
1555,1,0.0,1,1,0.0,0.0,0,0.0,0.0,0.0,0.0,0
1556,1,0.0,0,0,0.0,0.0,1,0.0,0.0,0.0,0.0,1
1557,0,0.0,0,0,0.0,0.0,0,0.0,0.0,0.0,0.0,0
1558,1,0.0,1,1,0.0,0.0,0,0.0,0.0,0.0,0.0,0
1559,1,0.0,1,0,0.0,0.0,1,0.0,0.0,0.0,0.0,2
1560,0,0.0,1,0,0.0,0.0,0,0.0,0.0,0.0,0.0,2
1561,1,0.0,1,0,0.0,0.0,1,0.0,0.0,0.0,0.0,2
1562,0,0.0,0,0,0.0,0.0,0,0.0,0.0,0.0,0.0,0
1563,0,0.0,0,0,0.0,0.0,0,0.0,0.0,0.0,0.0,0
1564,0,0.0,0,0,0.0,0.0,0,0.0,0.0,0.0,0.0,0
1565,0,0.0,0,0,0.0,0.0,0,0.0,0.0,0.0,0.0,0
1566,1,0.0,0,0,0.0,0.0,0,0.0,0.0,0.0,0.0,0
1567,1,0.0,0,0,0.0,0.0,0,0.0,0.0,0.0,0.0,0
1568,1,0.0,0,0,0.0,0.0,1,0.0,0.0,0.0,0.0,1
1569,0,0.0,1,0,0.0,0.0,0,0.0,0.0,0.0,0.0,2
1570,1,0.0,1,1,0.0,0.0,1,0.0,0.0,0.0,0.0,1
1571,0,0.0,1,0,0.0,0.0,1,0.0,0.0,0.0,0.0,2
1572,1,0.0,0,0,0.0,0.0,0,0.0,0.0,0.0,0.0,0
1573,0,0.0,0,0,0.0,0.0,0,0.0,0.0,0.0,0.0,0
1574,0,0.0,0,0,0.0,0.0,0,0.0,0.0,0.0,0.0,0
1575,0,0.0,0,0,0.0,0.0,0,0.0,0.0,0.0,0.0,0
1576,0,0.0,0,0,0.0,0.0,1,0.0,0.0,0.0,0.0,1
1577,0,0.0,0,0,0.0,0.0,0,0.0,0.0,0.0,0.0,0
1578,0,0.0,0,0,0.0,0.0,0,0.0,0.0,0.0,0.0,0
1579,0,0.0,0,1,0.0,0.0,0,0.0,0.0,0.0,0.0,0
1580,0,0.0,0,1,0.0,0.0,0,0.0,0.0,0.0,0.0,0
1581,1,0.0,0,0,0.0,0.0,1,0.0,0.0,0.0,0.0,1
1582,0,0.0,0,0,0.0,0.0,0,0.0,0.0,0.0,0.0,0
1583,1,0.0,0,0,0.0,0.0,1,0.0,0.0,0.0,0.0,1
1584,0,0.0,0,0,0.0,0.0,0,0.0,0.0,0.0,0.0,0
1585,1,0.0,0,1,0.0,0.0,1,0.0,0.0,0.0,0.0,1
1586,1,0.0,1,1,0.0,0.0,1,0.0,0.0,0.0,0.0,1
1587,0,0.0,0,0,0.0,0.0,0,0.0,0.0,0.0,0.0,0
1588,0,0.0,1,0,0.0,0.0,1,0.0,0.0,0.0,0.0,2
1589,0,0.0,0,0,0.0,0.0,0,0.0,0.0,0.0,0.0,0
1590,0,0.0,0,0,0.0,0.0,0,0.0,0.0,0.0,0.0,0
1591,0,0.0,0,0,0.0,0.0,0,0.0,0.0,0.0,0.0,0
1592,0,0.0,0,0,0.0,0.0,0,0.0,0.0,0.0,0.0,0
1593,0,0.0,1,0,0.0,0.0,0,0.0,0.0,0.0,0.0,2
1594,0,0.0,0,0,0.0,0.0,0,0.0,0.0,0.0,0.0,0
1595,0,0.0,1,0,0.0,0.0,0,0.0,0.0,0.0,0.0,2
1596,1,0.0,1,1,0.0,0.0,0,0.0,0.0,0.0,0.0,0
1597,0,0.0,1,0,0.0,0.0,0,0.0,0.0,0.0,0.0,2
1598,1,0.0,0,0,0.0,0.0,0,0.0,0.0,0.0,0.0,0
1599,0,0.0,0,0,0.0,0.0,0,0.0,0.0,0.0,0.0,0
1600,1,0.0,1,0,0.0,0.0,0,0.0,0.0,0.0,0.0,2
1601,0,0.0,0,0,0.0,0.0,0,0.0,0.0,0.0,0.0,0
1602,0,0.0,0,0,0.0,0.0,0,0.0,0.0,0.0,0.0,0
1603,0,0.0,0,1,0.0,0.0,0,0.0,0.0,0.0,0.0,0
1604,0,0.0,0,0,0.0,0.0,0,0.0,0.0,0.0,0.0,0
1605,0,0.0,1,0,0.0,0.0,0,0.0,0.0,0.0,0.0,2
1606,0,0.0,0,0,0.0,0.0,0,0.0,0.0,0.0,0.0,0
1607,0,0.0,0,0,0.0,0.0,0,0.0,0.0,0.0,0.0,0
1608,0,0.0,1,0,0.0,0.0,1,0.0,0.0,0.0,0.0,2
1609,1,0.0,1,1,0.0,0.0,0,0.0,0.0,0.0,0.0,0
1610,1,0.0,0,0,0.0,0.0,0,0.0,0.0,0.0,0.0,0
1611,1,0.0,0,0,0.0,0.0,0,0.0,0.0,0.0,0.0,0
1612,0,0.0,0,0,0.0,0.0,0,0.0,0.0,0.0,0.0,0
1613,0,0.0,0,0,0.0,0.0,0,0.0,0.0,0.0,0.0,0
1614,1,0.0,0,0,0.0,0.0,0,0.0,0.0,0.0,0.0,0
1615,1,0.0,0,0,0.0,0.0,0,0.0,0.0,0.0,0.0,0
1616,0,0.0,0,0,0.0,0.0,0,0.0,0.0,0.0,0.0,0
1617,0,0.0,0,0,0.0,0.0,0,0.0,0.0,0.0,0.0,0
1618,0,0.0,0,0,0.0,0.0,0,0.0,0.0,0.0,0.0,0
1619,0,0.0,0,0,0.0,0.0,0,0.0,0.0,0.0,0.0,0
1620,1,0.0,0,0,0.0,0.0,0,0.0,0.0,0.0,0.0,0
1621,0,0.0,0,0,0.0,0.0,0,0.0,0.0,0.0,0.0,0
1622,0,0.0,1,0,0.0,0.0,0,0.0,0.0,0.0,0.0,2
1623,0,0.0,0,0,0.0,0.0,0,0.0,0.0,0.0,0.0,0
1624,1,0.0,0,0,0.0,0.0,0,0.0,0.0,0.0,0.0,0
1625,1,0.0,0,0,0.0,0.0,0,0.0,0.0,0.0,0.0,0
1626,0,0.0,1,0,0.0,0.0,0,0.0,0.0,0.0,0.0,2
1627,0,0.0,0,0,0.0,0.0,1,0.0,0.0,0.0,0.0,1
1628,1,0.0,0,1,0.0,0.0,1,0.0,0.0,0.0,0.0,1
1629,1,0.0,1,0,0.0,0.0,1,0.0,0.0,0.0,0.0,2
1630,0,0.0,1,0,0.0,0.0,0,0.0,0.0,0.0,0.0,2
1631,0,0.0,0,0,0.0,0.0,0,0.0,0.0,0.0,0.0,0
1632,1,0.0,1,0,0.0,0.0,1,0.0,0.0,0.0,0.0,2
1633,1,0.0,1,0,0.0,0.0,0,0.0,0.0,0.0,0.0,2
1634,0,0.0,1,0,0.0,0.0,0,0.0,0.0,0.0,0.0,2
1635,1,0.0,1,0,0.0,0.0,1,0.0,0.0,0.0,0.0,2
1636,0,0.0,0,0,0.0,0.0,0,0.0,0.0,0.0,0.0,0
1637,0,0.0,0,0,0.0,0.0,0,0.0,0.0,0.0,0.0,0
1638,1,0.0,1,0,0.0,0.0,0,0.0,0.0,0.0,0.0,2
1639,0,0.0,1,1,0.0,0.0,0,0.0,0.0,0.0,0.0,0
1640,0,0.0,1,1,0.0,0.0,0,0.0,0.0,0.0,0.0,0
1641,0,0.0,1,0,0.0,0.0,0,0.0,0.0,0.0,0.0,2
1642,0,0.0,0,0,0.0,0.0,0,0.0,0.0,0.0,0.0,0
1643,0,0.0,0,0,0.0,0.0,0,0.0,0.0,0.0,0.0,0
1644,1,0.0,1,0,0.0,0.0,0,0.0,0.0,0.0,0.0,2
1645,0,0.0,1,0,0.0,0.0,0,0.0,0.0,0.0,0.0,2
1646,0,0.0,1,0,0.0,0.0,0,0.0,0.0,0.0,0.0,2
1647,1,0.0,0,1,0.0,0.0,0,0.0,0.0,0.0,0.0,0
1648,0,0.0,1,1,0.0,0.0,1,0.0,0.0,0.0,0.0,1
1649,1,0.0,1,1,0.0,0.0,0,0.0,0.0,0.0,0.0,0
1650,1,0.0,0,0,0.0,0.0,0,0.0,0.0,0.0,0.0,0
1651,0,0.0,0,0,0.0,0.0,0,0.0,0.0,0.0,0.0,0
1652,0,0.0,1,1,0.0,0.0,1,0.0,0.0,0.0,0.0,1
1653,1,0.0,1,0,0.0,0.0,1,0.0,0.0,0.0,0.0,2
1654,1,0.0,0,1,0.0,0.0,0,0.0,0.0,0.0,0.0,0
1655,0,0.0,0,0,0.0,0.0,0,0.0,0.0,0.0,0.0,0
1656,0,0.0,0,0,0.0,0.0,0,0.0,0.0,0.0,0.0,0
1657,1,0.0,0,0,0.0,0.0,0,0.0,0.0,0.0,0.0,0
1658,0,0.0,0,0,0.0,0.0,0,0.0,0.0,0.0,0.0,0
1659,1,0.0,1,1,0.0,0.0,0,0.0,0.0,0.0,0.0,0
1660,1,0.0,1,0,0.0,0.0,0,0.0,0.0,0.0,0.0,2
1661,1,0.0,0,1,0.0,0.0,0,0.0,0.0,0.0,0.0,0
1662,0,0.0,0,0,0.0,0.0,0,0.0,0.0,0.0,0.0,0
1663,0,0.0,1,0,0.0,0.0,0,0.0,0.0,0.0,0.0,2
1664,1,0.0,1,0,0.0,0.0,0,0.0,0.0,0.0,0.0,2
1665,0,0.0,0,1,0.0,0.0,0,0.0,0.0,0.0,0.0,0
1666,1,0.0,1,0,0.0,0.0,1,0.0,0.0,0.0,0.0,2
1667,0,0.0,1,1,0.0,0.0,1,0.0,0.0,0.0,0.0,1
1668,0,0.0,1,0,0.0,0.0,0,0.0,0.0,0.0,0.0,2
1669,0,0.0,0,0,0.0,0.0,0,0.0,0.0,0.0,0.0,0
1670,0,0.0,0,1,0.0,0.0,0,0.0,0.0,0.0,0.0,0
1671,1,0.0,0,0,0.0,0.0,0,0.0,0.0,0.0,0.0,0
1672,0,0.0,1,1,0.0,0.0,0,0.0,0.0,0.0,0.0,0
1673,1,0.0,0,0,0.0,0.0,1,0.0,0.0,0.0,0.0,1
1674,0,0.0,0,0,0.0,0.0,0,0.0,0.0,0.0,0.0,0
1675,0,0.0,1,1,0.0,0.0,1,0.0,0.0,0.0,0.0,1
1676,1,0.0,1,1,0.0,0.0,0,0.0,0.0,0.0,0.0,0
1677,1,0.0,1,0,0.0,0.0,1,0.0,0.0,0.0,0.0,2
1678,0,0.0,0,0,0.0,0.0,0,0.0,0.0,0.0,0.0,0
1679,1,0.0,1,0,0.0,0.0,0,0.0,0.0,0.0,0.0,2
1680,1,0.0,1,1,0.0,0.0,1,0.0,0.0,0.0,0.0,1
1681,1,0.0,1,1,0.0,0.0,1,0.0,0.0,0.0,0.0,1
1682,1,0.0,1,0,0.0,0.0,1,0.0,0.0,0.0,0.0,2
1683,0,0.0,1,0,0.0,0.0,0,0.0,0.0,0.0,0.0,2
1684,0,0.0,0,0,0.0,0.0,0,0.0,0.0,0.0,0.0,0
1685,0,0.0,0,1,0.0,0.0,0,0.0,0.0,0.0,0.0,0
1686,0,0.0,1,0,0.0,0.0,0,0.0,0.0,0.0,0.0,2
1687,1,0.0,1,0,0.0,0.0,0,0.0,0.0,0.0,0.0,2
1688,0,0.0,0,0,0.0,0.0,0,0.0,0.0,0.0,0.0,0
1689,1,0.0,0,0,0.0,0.0,0,0.0,0.0,0.0,0.0,0
1690,1,0.0,0,1,0.0,0.0,0,0.0,0.0,0.0,0.0,0
1691,1,0.0,1,1,0.0,0.0,0,0.0,0.0,0.0,0.0,0
1692,0,0.0,0,0,0.0,0.0,0,0.0,0.0,0.0,0.0,0
1693,0,0.0,1,0,0.0,0.0,0,0.0,0.0,0.0,0.0,2
1694,0,0.0,0,0,0.0,0.0,0,0.0,0.0,0.0,0.0,0
1695,0,0.0,1,0,0.0,0.0,0,0.0,0.0,0.0,0.0,2
1696,1,0.0,0,0,0.0,0.0,0,0.0,0.0,0.0,0.0,0
1697,1,0.0,1,1,0.0,0.0,0,0.0,0.0,0.0,0.0,0
1698,1,0.0,1,1,0.0,0.0,1,0.0,0.0,0.0,0.0,1
1699,0,0.0,0,0,0.0,0.0,0,0.0,0.0,0.0,0.0,0
1700,0,0.0,0,0,0.0,0.0,0,0.0,0.0,0.0,0.0,0
1701,1,0.0,1,1,0.0,0.0,1,0.0,0.0,0.0,0.0,1
1702,0,0.0,1,0,0.0,0.0,1,0.0,0.0,0.0,0.0,2
1703,1,0.0,0,0,0.0,0.0,1,0.0,0.0,0.0,0.0,1
1704,0,0.0,1,0,0.0,0.0,0,0.0,0.0,0.0,0.0,2
1705,0,0.0,0,0,0.0,0.0,1,0.0,0.0,0.0,0.0,1
1706,0,0.0,0,0,0.0,0.0,0,0.0,0.0,0.0,0.0,0
1707,0,0.0,1,0,0.0,0.0,0,0.0,0.0,0.0,0.0,2
1708,0,0.0,0,0,0.0,0.0,0,0.0,0.0,0.0,0.0,0
1709,0,0.0,0,0,0.0,0.0,0,0.0,0.0,0.0,0.0,0
1710,0,0.0,0,1,0.0,0.0,0,0.0,0.0,0.0,0.0,0
1711,1,0.0,1,1,0.0,0.0,1,0.0,0.0,0.0,0.0,1
1712,1,0.0,1,1,0.0,0.0,1,0.0,0.0,0.0,0.0,1
1713,0,0.0,0,0,0.0,0.0,0,0.0,0.0,0.0,0.0,0
1714,1,0.0,0,0,0.0,0.0,0,0.0,0.0,0.0,0.0,0
1715,0,0.0,0,0,0.0,0.0,0,0.0,0.0,0.0,0.0,0
1716,1,0.0,0,0,0.0,0.0,0,0.0,0.0,0.0,0.0,0
1717,0,0.0,0,0,0.0,0.0,0,0.0,0.0,0.0,0.0,0
1718,0,0.0,0,0,0.0,0.0,0,0.0,0.0,0.0,0.0,0
1719,1,0.0,1,0,0.0,0.0,0,0.0,0.0,0.0,0.0,2
1720,1,0.0,1,1,0.0,0.0,1,0.0,0.0,0.0,0.0,1
1721,1,0.0,1,1,0.0,0.0,1,0.0,0.0,0.0,0.0,1
1722,0,0.0,0,0,0.0,0.0,0,0.0,0.0,0.0,0.0,0
1723,1,0.0,1,0,0.0,0.0,0,0.0,0.0,0.0,0.0,2
1724,1,0.0,1,1,0.0,0.0,1,0.0,0.0,0.0,0.0,1
1725,0,0.0,0,0,0.0,0.0,0,0.0,0.0,0.0,0.0,0
1726,1,0.0,0,0,0.0,0.0,0,0.0,0.0,0.0,0.0,0
1727,0,0.0,0,0,0.0,0.0,0,0.0,0.0,0.0,0.0,0
1728,0,0.0,0,1,0.0,0.0,0,0.0,0.0,0.0,0.0,0
1729,1,0.0,1,1,0.0,0.0,1,0.0,0.0,0.0,0.0,1
1730,0,0.0,1,0,0.0,0.0,0,0.0,0.0,0.0,0.0,2
1731,1,0.0,1,1,0.0,0.0,1,0.0,0.0,0.0,0.0,1
1732,0,0.0,1,0,0.0,0.0,0,0.0,0.0,0.0,0.0,2
1733,1,0.0,1,0,0.0,0.0,0,0.0,0.0,0.0,0.0,2
1734,1,0.0,1,0,0.0,0.0,0,0.0,0.0,0.0,0.0,2
1735,1,0.0,0,0,0.0,0.0,0,0.0,0.0,0.0,0.0,0
1736,1,0.0,1,1,0.0,0.0,1,0.0,0.0,0.0,0.0,1
1737,1,0.0,0,0,0.0,0.0,1,0.0,0.0,0.0,0.0,1
1738,0,0.0,0,0,0.0,0.0,0,0.0,0.0,0.0,0.0,0
1739,1,0.0,0,0,0.0,0.0,0,0.0,0.0,0.0,0.0,0
1740,0,0.0,1,1,0.0,0.0,0,0.0,0.0,0.0,0.0,0
1741,0,0.0,0,0,0.0,0.0,0,0.0,0.0,0.0,0.0,0
1742,1,0.0,0,0,0.0,0.0,1,0.0,0.0,0.0,0.0,1
1743,0,0.0,0,0,0.0,0.0,1,0.0,0.0,0.0,0.0,1
1744,1,0.0,1,0,0.0,0.0,1,0.0,0.0,0.0,0.0,2
1745,0,0.0,0,0,0.0,0.0,0,0.0,0.0,0.0,0.0,0
1746,1,0.0,1,1,0.0,0.0,1,0.0,0.0,0.0,0.0,1
1747,0,0.0,0,0,0.0,0.0,0,0.0,0.0,0.0,0.0,0
1748,1,0.0,1,1,0.0,0.0,1,0.0,0.0,0.0,0.0,1
1749,0,0.0,1,0,0.0,0.0,0,0.0,0.0,0.0,0.0,2
1750,0,0.0,1,1,0.0,0.0,0,0.0,0.0,0.0,0.0,0
1751,1,0.0,0,1,0.0,0.0,1,0.0,0.0,0.0,0.0,1
1752,0,0.0,1,0,0.0,0.0,0,0.0,0.0,0.0,0.0,2
1753,1,0.0,1,1,0.0,0.0,0,0.0,0.0,0.0,0.0,0
1754,0,0.0,0,0,0.0,0.0,0,0.0,0.0,0.0,0.0,0
1755,0,0.0,0,0,0.0,0.0,0,0.0,0.0,0.0,0.0,0
1756,1,0.0,0,0,0.0,0.0,0,0.0,0.0,0.0,0.0,0
1757,1,0.0,0,0,0.0,0.0,0,0.0,0.0,0.0,0.0,0
1758,0,0.0,0,0,0.0,0.0,0,0.0,0.0,0.0,0.0,0
1759,0,0.0,0,0,0.0,0.0,0,0.0,0.0,0.0,0.0,0
1760,1,0.0,0,0,0.0,0.0,1,0.0,0.0,0.0,0.0,1
1761,0,0.0,1,0,0.0,0.0,0,0.0,0.0,0.0,0.0,2
1762,1,0.0,0,0,0.0,0.0,0,0.0,0.0,0.0,0.0,0
1763,1,0.0,1,0,0.0,0.0,1,0.0,0.0,0.0,0.0,2
1764,0,0.0,0,1,0.0,0.0,0,0.0,0.0,0.0,0.0,0
1765,0,0.0,1,0,0.0,0.0,1,0.0,0.0,0.0,0.0,2
1766,1,0.0,1,1,0.0,0.0,0,0.0,0.0,0.0,0.0,0
1767,0,0.0,0,0,0.0,0.0,0,0.0,0.0,0.0,0.0,0
1768,0,0.0,0,0,0.0,0.0,0,0.0,0.0,0.0,0.0,0
1769,0,0.0,0,0,0.0,0.0,0,0.0,0.0,0.0,0.0,0
1770,0,0.0,0,0,0.0,0.0,1,0.0,0.0,0.0,0.0,1
1771,0,0.0,1,1,0.0,0.0,0,0.0,0.0,0.0,0.0,0
1772,0,0.0,0,0,0.0,0.0,0,0.0,0.0,0.0,0.0,0
1773,0,0.0,1,0,0.0,0.0,0,0.0,0.0,0.0,0.0,2
1774,0,0.0,1,0,0.0,0.0,0,0.0,0.0,0.0,0.0,2
1775,0,0.0,1,0,0.0,0.0,0,0.0,0.0,0.0,0.0,2
1776,1,0.0,0,0,0.0,0.0,0,0.0,0.0,0.0,0.0,0
1777,0,0.0,0,0,0.0,0.0,0,0.0,0.0,0.0,0.0,0
1778,1,0.0,1,0,0.0,0.0,0,0.0,0.0,0.0,0.0,2
1779,0,0.0,1,0,0.0,0.0,0,0.0,0.0,0.0,0.0,2
1780,1,0.0,0,0,0.0,0.0,0,0.0,0.0,0.0,0.0,0
1781,0,0.0,0,0,0.0,0.0,0,0.0,0.0,0.0,0.0,0
1782,1,0.0,1,0,0.0,0.0,0,0.0,0.0,0.0,0.0,2
1783,1,0.0,1,1,0.0,0.0,1,0.0,0.0,0.0,0.0,1
1784,0,0.0,0,1,0.0,0.0,0,0.0,0.0,0.0,0.0,0
1785,0,0.0,1,0,0.0,0.0,0,0.0,0.0,0.0,0.0,2
1786,0,0.0,0,0,0.0,0.0,0,0.0,0.0,0.0,0.0,0
1787,0,0.0,0,0,0.0,0.0,0,0.0,0.0,0.0,0.0,0
1788,0,0.0,0,0,0.0,0.0,0,0.0,0.0,0.0,0.0,0
1789,0,0.0,0,0,0.0,0.0,0,0.0,0.0,0.0,0.0,0
1790,0,0.0,0,0,0.0,0.0,0,0.0,0.0,0.0,0.0,0
1791,0,0.0,0,1,0.0,0.0,0,0.0,0.0,0.0,0.0,0
1792,0,0.0,1,0,0.0,0.0,0,0.0,0.0,0.0,0.0,2
1793,0,0.0,0,0,0.0,0.0,0,0.0,0.0,0.0,0.0,0
1794,0,0.0,0,0,0.0,0.0,1,0.0,0.0,0.0,0.0,1
1795,0,0.0,0,0,0.0,0.0,0,0.0,0.0,0.0,0.0,0
1796,0,0.0,0,0,0.0,0.0,0,0.0,0.0,0.0,0.0,0
1797,0,0.0,1,0,0.0,0.0,0,0.0,0.0,0.0,0.0,2
1798,1,0.0,1,0,0.0,0.0,0,0.0,0.0,0.0,0.0,2
1799,0,0.0,0,0,0.0,0.0,1,0.0,0.0,0.0,0.0,1
1800,1,0.0,1,1,0.0,0.0,1,0.0,0.0,0.0,0.0,1
1801,0,0.0,0,0,0.0,0.0,0,0.0,0.0,0.0,0.0,0
1802,0,0.0,0,1,0.0,0.0,0,0.0,0.0,0.0,0.0,0
1803,1,0.0,1,1,0.0,0.0,1,0.0,0.0,0.0,0.0,1
1804,0,0.0,1,0,0.0,0.0,0,0.0,0.0,0.0,0.0,2
1805,1,0.0,0,1,0.0,0.0,1,0.0,0.0,0.0,0.0,1
1806,0,0.0,1,0,0.0,0.0,0,0.0,0.0,0.0,0.0,2
1807,0,0.0,0,0,0.0,0.0,1,0.0,0.0,0.0,0.0,1
1808,0,0.0,0,0,0.0,0.0,0,0.0,0.0,0.0,0.0,0
1809,0,0.0,0,0,0.0,0.0,0,0.0,0.0,0.0,0.0,0
1810,0,0.0,1,0,0.0,0.0,0,0.0,0.0,0.0,0.0,2
1811,0,0.0,0,0,0.0,0.0,0,0.0,0.0,0.0,0.0,0
1812,0,0.0,0,0,0.0,0.0,0,0.0,0.0,0.0,0.0,0
1813,0,0.0,1,0,0.0,0.0,0,0.0,0.0,0.0,0.0,2
1814,0,0.0,0,0,0.0,0.0,0,0.0,0.0,0.0,0.0,0
1815,1,0.0,0,0,0.0,0.0,0,0.0,0.0,0.0,0.0,0
1816,0,0.0,0,0,0.0,0.0,0,0.0,0.0,0.0,0.0,0
1817,0,0.0,0,0,0.0,0.0,0,0.0,0.0,0.0,0.0,0
1818,0,0.0,0,0,0.0,0.0,0,0.0,0.0,0.0,0.0,0
1819,1,0.0,1,1,0.0,0.0,0,0.0,0.0,0.0,0.0,0
1820,1,0.0,1,0,0.0,0.0,0,0.0,0.0,0.0,0.0,2
1821,0,0.0,0,1,0.0,0.0,0,0.0,0.0,0.0,0.0,0
1822,0,0.0,0,1,0.0,0.0,1,0.0,0.0,0.0,0.0,1
1823,0,0.0,0,0,0.0,0.0,0,0.0,0.0,0.0,0.0,0
1824,0,0.0,0,1,0.0,0.0,0,0.0,0.0,0.0,0.0,0
1825,0,0.0,1,1,0.0,0.0,1,0.0,0.0,0.0,0.0,1
1826,0,0.0,1,0,0.0,0.0,0,0.0,0.0,0.0,0.0,2
1827,1,0.0,0,0,0.0,0.0,0,0.0,0.0,0.0,0.0,0
1828,0,0.0,0,1,0.0,0.0,0,0.0,0.0,0.0,0.0,0
1829,0,0.0,0,0,0.0,0.0,0,0.0,0.0,0.0,0.0,0
1830,0,0.0,0,0,0.0,0.0,0,0.0,0.0,0.0,0.0,0
1831,0,0.0,1,1,0.0,0.0,0,0.0,0.0,0.0,0.0,0
1832,0,0.0,1,0,0.0,0.0,1,0.0,0.0,0.0,0.0,2
1833,0,0.0,0,0,0.0,0.0,0,0.0,0.0,0.0,0.0,0
1834,0,0.0,0,0,0.0,0.0,0,0.0,0.0,0.0,0.0,0
1835,1,0.0,1,1,0.0,0.0,0,0.0,0.0,0.0,0.0,0
1836,1,0.0,1,1,0.0,0.0,0,0.0,0.0,0.0,0.0,0
1837,0,0.0,0,0,0.0,0.0,0,0.0,0.0,0.0,0.0,0
1838,1,0.0,1,0,0.0,0.0,1,0.0,0.0,0.0,0.0,2
1839,0,0.0,0,0,0.0,0.0,0,0.0,0.0,0.0,0.0,0
1840,0,0.0,1,0,0.0,0.0,0,0.0,0.0,0.0,0.0,2
1841,0,0.0,0,0,0.0,0.0,0,0.0,0.0,0.0,0.0,0
1842,1,0.0,1,1,0.0,0.0,1,0.0,0.0,0.0,0.0,1
1843,0,0.0,0,1,0.0,0.0,0,0.0,0.0,0.0,0.0,0
1844,0,0.0,0,0,0.0,0.0,0,0.0,0.0,0.0,0.0,0
1845,0,0.0,0,0,0.0,0.0,0,0.0,0.0,0.0,0.0,0
1846,0,0.0,0,0,0.0,0.0,0,0.0,0.0,0.0,0.0,0
1847,1,0.0,0,1,0.0,0.0,1,0.0,0.0,0.0,0.0,1
1848,1,0.0,0,0,0.0,0.0,0,0.0,0.0,0.0,0.0,0
1849,0,0.0,0,0,0.0,0.0,0,0.0,0.0,0.0,0.0,0
1850,0,0.0,1,0,0.0,0.0,1,0.0,0.0,0.0,0.0,2
1851,0,0.0,1,0,0.0,0.0,1,0.0,0.0,0.0,0.0,2
1852,1,0.0,1,0,0.0,0.0,1,0.0,0.0,0.0,0.0,2
1853,0,0.0,0,1,0.0,0.0,1,0.0,0.0,0.0,0.0,1
1854,0,0.0,0,0,0.0,0.0,1,0.0,0.0,0.0,0.0,1
1855,0,0.0,0,0,0.0,0.0,0,0.0,0.0,0.0,0.0,0
1856,1,0.0,0,1,0.0,0.0,0,0.0,0.0,0.0,0.0,0
1857,1,0.0,0,0,0.0,0.0,0,0.0,0.0,0.0,0.0,0
1858,0,0.0,0,0,0.0,0.0,0,0.0,0.0,0.0,0.0,0
1859,0,0.0,0,0,0.0,0.0,0,0.0,0.0,0.0,0.0,0
1860,1,0.0,1,1,0.0,0.0,0,0.0,0.0,0.0,0.0,0
1861,0,0.0,1,0,0.0,0.0,0,0.0,0.0,0.0,0.0,2
1862,0,0.0,1,0,0.0,0.0,0,0.0,0.0,0.0,0.0,2
1863,0,0.0,1,0,0.0,0.0,1,0.0,0.0,0.0,0.0,2
1864,0,0.0,0,0,0.0,0.0,0,0.0,0.0,0.0,0.0,0
1865,1,0.0,1,1,0.0,0.0,1,0.0,0.0,0.0,0.0,1
1866,1,0.0,0,0,0.0,0.0,1,0.0,0.0,0.0,0.0,1
1867,0,0.0,0,0,0.0,0.0,0,0.0,0.0,0.0,0.0,0
1868,1,0.0,1,0,0.0,0.0,1,0.0,0.0,0.0,0.0,2
1869,0,0.0,0,0,0.0,0.0,0,0.0,0.0,0.0,0.0,0
1870,0,0.0,0,0,0.0,0.0,0,0.0,0.0,0.0,0.0,0
1871,0,0.0,0,0,0.0,0.0,0,0.0,0.0,0.0,0.0,0
1872,1,0.0,0,0,0.0,0.0,0,0.0,0.0,0.0,0.0,0
1873,1,0.0,1,1,0.0,0.0,0,0.0,0.0,0.0,0.0,0
1874,0,0.0,0,0,0.0,0.0,0,0.0,0.0,0.0,0.0,0
1875,1,0.0,0,0,0.0,0.0,0,0.0,0.0,0.0,0.0,0
1876,0,0.0,1,0,0.0,0.0,0,0.0,0.0,0.0,0.0,2
1877,1,0.0,0,0,0.0,0.0,0,0.0,0.0,0.0,0.0,0
1878,0,0.0,0,0,0.0,0.0,0,0.0,0.0,0.0,0.0,0
1879,0,0.0,0,0,0.0,0.0,0,0.0,0.0,0.0,0.0,0
1880,0,0.0,0,0,0.0,0.0,0,0.0,0.0,0.0,0.0,0
1881,1,0.0,1,0,0.0,0.0,1,0.0,0.0,0.0,0.0,2
1882,1,0.0,0,0,0.0,0.0,0,0.0,0.0,0.0,0.0,0
1883,0,0.0,0,0,0.0,0.0,0,0.0,0.0,0.0,0.0,0
1884,1,0.0,1,0,0.0,0.0,1,0.0,0.0,0.0,0.0,2
1885,0,0.0,1,0,0.0,0.0,0,0.0,0.0,0.0,0.0,2
1886,0,0.0,0,0,0.0,0.0,0,0.0,0.0,0.0,0.0,0
1887,1,0.0,0,1,0.0,0.0,0,0.0,0.0,0.0,0.0,0
1888,0,0.0,0,0,0.0,0.0,0,0.0,0.0,0.0,0.0,0
1889,1,0.0,1,0,0.0,0.0,1,0.0,0.0,0.0,0.0,2
1890,0,0.0,1,0,0.0,0.0,0,0.0,0.0,0.0,0.0,2
1891,0,0.0,0,0,0.0,0.0,0,0.0,0.0,0.0,0.0,0
1892,0,0.0,0,0,0.0,0.0,0,0.0,0.0,0.0,0.0,0
1893,0,0.0,1,0,0.0,0.0,1,0.0,0.0,0.0,0.0,2
1894,1,0.0,1,0,0.0,0.0,0,0.0,0.0,0.0,0.0,2
1895,0,0.0,0,0,0.0,0.0,0,0.0,0.0,0.0,0.0,0
1896,0,0.0,0,0,0.0,0.0,0,0.0,0.0,0.0,0.0,0
1897,0,0.0,0,0,0.0,0.0,0,0.0,0.0,0.0,0.0,0
1898,1,0.0,1,1,0.0,0.0,1,0.0,0.0,0.0,0.0,1
1899,1,0.0,1,0,0.0,0.0,1,0.0,0.0,0.0,0.0,2
1900,1,0.0,1,0,0.0,0.0,1,0.0,0.0,0.0,0.0,2
1901,1,0.0,1,0,0.0,0.0,0,0.0,0.0,0.0,0.0,2
1902,0,0.0,0,0,0.0,0.0,0,0.0,0.0,0.0,0.0,0
1903,1,0.0,0,0,0.0,0.0,0,0.0,0.0,0.0,0.0,0
1904,0,0.0,0,0,0.0,0.0,0,0.0,0.0,0.0,0.0,0
1905,0,0.0,0,0,0.0,0.0,0,0.0,0.0,0.0,0.0,0
1906,1,0.0,0,0,0.0,0.0,0,0.0,0.0,0.0,0.0,0
1907,0,0.0,1,0,0.0,0.0,0,0.0,0.0,0.0,0.0,2
1908,0,0.0,0,0,0.0,0.0,0,0.0,0.0,0.0,0.0,0
1909,1,0.0,0,0,0.0,0.0,1,0.0,0.0,0.0,0.0,1
1910,0,0.0,0,0,0.0,0.0,0,0.0,0.0,0.0,0.0,0
1911,0,0.0,0,0,0.0,0.0,0,0.0,0.0,0.0,0.0,0
1912,1,0.0,0,0,0.0,0.0,0,0.0,0.0,0.0,0.0,0
1913,0,0.0,1,1,0.0,0.0,1,0.0,0.0,0.0,0.0,1
1914,0,0.0,0,0,0.0,0.0,0,0.0,0.0,0.0,0.0,0
1915,0,0.0,0,0,0.0,0.0,0,0.0,0.0,0.0,0.0,0
1916,0,0.0,1,0,0.0,0.0,0,0.0,0.0,0.0,0.0,2
1917,1,0.0,1,0,0.0,0.0,1,0.0,0.0,0.0,0.0,2
1918,0,0.0,0,0,0.0,0.0,0,0.0,0.0,0.0,0.0,0
1919,0,0.0,1,0,0.0,0.0,0,0.0,0.0,0.0,0.0,2
1920,1,0.0,1,1,0.0,0.0,1,0.0,0.0,0.0,0.0,1
1921,0,0.0,0,0,0.0,0.0,0,0.0,0.0,0.0,0.0,0
1922,1,0.0,1,0,0.0,0.0,0,0.0,0.0,0.0,0.0,2
1923,1,0.0,1,1,0.0,0.0,1,0.0,0.0,0.0,0.0,1
1924,1,0.0,1,0,0.0,0.0,1,0.0,0.0,0.0,0.0,2
1925,0,0.0,0,0,0.0,0.0,0,0.0,0.0,0.0,0.0,0
1926,1,0.0,1,1,0.0,0.0,1,0.0,0.0,0.0,0.0,1
1927,0,0.0,0,0,0.0,0.0,0,0.0,0.0,0.0,0.0,0
1928,1,0.0,0,0,0.0,0.0,0,0.0,0.0,0.0,0.0,0
1929,0,0.0,0,0,0.0,0.0,0,0.0,0.0,0.0,0.0,0
1930,0,0.0,1,1,0.0,0.0,1,0.0,0.0,0.0,0.0,1
1931,0,0.0,0,0,0.0,0.0,1,0.0,0.0,0.0,0.0,1
1932,1,0.0,1,1,0.0,0.0,1,0.0,0.0,0.0,0.0,1
1933,1,0.0,0,0,0.0,0.0,1,0.0,0.0,0.0,0.0,1
1934,0,0.0,1,1,0.0,0.0,1,0.0,0.0,0.0,0.0,1
1935,0,0.0,0,0,0.0,0.0,0,0.0,0.0,0.0,0.0,0
1936,0,0.0,0,0,0.0,0.0,0,0.0,0.0,0.0,0.0,0
1937,1,0.0,1,1,0.0,0.0,1,0.0,0.0,0.0,0.0,1
1938,0,0.0,0,1,0.0,0.0,0,0.0,0.0,0.0,0.0,0
1939,0,0.0,1,0,0.0,0.0,0,0.0,0.0,0.0,0.0,2
1940,1,0.0,1,1,0.0,0.0,0,0.0,0.0,0.0,0.0,0
1941,0,0.0,0,0,0.0,0.0,0,0.0,0.0,0.0,0.0,0
1942,1,0.0,0,0,0.0,0.0,0,0.0,0.0,0.0,0.0,0
1943,1,0.0,1,1,0.0,0.0,1,0.0,0.0,0.0,0.0,1
1944,1,0.0,0,0,0.0,0.0,0,0.0,0.0,0.0,0.0,0
1945,0,0.0,0,0,0.0,0.0,0,0.0,0.0,0.0,0.0,0
1946,1,0.0,0,0,0.0,0.0,1,0.0,0.0,0.0,0.0,1
1947,0,0.0,0,1,0.0,0.0,0,0.0,0.0,0.0,0.0,0
1948,1,0.0,1,1,0.0,0.0,1,0.0,0.0,0.0,0.0,1
1949,1,0.0,0,1,0.0,0.0,1,0.0,0.0,0.0,0.0,1
1950,1,0.0,1,1,0.0,0.0,1,0.0,0.0,0.0,0.0,1
1951,0,0.0,0,0,0.0,0.0,0,0.0,0.0,0.0,0.0,0
1952,0,0.0,0,0,0.0,0.0,0,0.0,0.0,0.0,0.0,0
1953,0,0.0,0,0,0.0,0.0,1,0.0,0.0,0.0,0.0,1
1954,0,0.0,0,0,0.0,0.0,0,0.0,0.0,0.0,0.0,0
1955,1,0.0,1,1,0.0,0.0,1,0.0,0.0,0.0,0.0,1
1956,1,0.0,1,0,0.0,0.0,0,0.0,0.0,0.0,0.0,2
1957,1,0.0,0,0,0.0,0.0,0,0.0,0.0,0.0,0.0,0
1958,1,0.0,1,0,0.0,0.0,0,0.0,0.0,0.0,0.0,2
1959,1,0.0,1,1,0.0,0.0,1,0.0,0.0,0.0,0.0,1
1960,1,0.0,1,1,0.0,0.0,0,0.0,0.0,0.0,0.0,0
1961,0,0.0,0,0,0.0,0.0,0,0.0,0.0,0.0,0.0,0
1962,1,0.0,0,0,0.0,0.0,0,0.0,0.0,0.0,0.0,0
1963,1,0.0,1,1,0.0,0.0,1,0.0,0.0,0.0,0.0,1
1964,1,0.0,0,1,0.0,0.0,0,0.0,0.0,0.0,0.0,0
1965,1,0.0,0,0,0.0,0.0,0,0.0,0.0,0.0,0.0,0
1966,1,0.0,0,1,0.0,0.0,0,0.0,0.0,0.0,0.0,0
1967,0,0.0,1,1,0.0,0.0,1,0.0,0.0,0.0,0.0,1
1968,0,0.0,0,0,0.0,0.0,0,0.0,0.0,0.0,0.0,0
1969,1,0.0,0,0,0.0,0.0,0,0.0,0.0,0.0,0.0,0
1970,0,0.0,0,0,0.0,0.0,1,0.0,0.0,0.0,0.0,1
1971,0,0.0,0,0,0.0,0.0,0,0.0,0.0,0.0,0.0,0
1972,0,0.0,1,0,0.0,0.0,0,0.0,0.0,0.0,0.0,2
1973,1,0.0,0,0,0.0,0.0,0,0.0,0.0,0.0,0.0,0
1974,0,0.0,0,1,0.0,0.0,0,0.0,0.0,0.0,0.0,0
1975,1,0.0,0,0,0.0,0.0,0,0.0,0.0,0.0,0.0,0
1976,0,0.0,1,0,0.0,0.0,0,0.0,0.0,0.0,0.0,2
1977,0,0.0,0,0,0.0,0.0,0,0.0,0.0,0.0,0.0,0
1978,1,0.0,1,0,0.0,0.0,1,0.0,0.0,0.0,0.0,2
1979,0,0.0,1,1,0.0,0.0,0,0.0,0.0,0.0,0.0,0
1980,0,0.0,1,1,0.0,0.0,0,0.0,0.0,0.0,0.0,0
1981,0,0.0,0,0,0.0,0.0,0,0.0,0.0,0.0,0.0,0
1982,0,0.0,1,0,0.0,0.0,0,0.0,0.0,0.0,0.0,2
1983,1,0.0,1,0,0.0,0.0,0,0.0,0.0,0.0,0.0,2
1984,1,0.0,0,0,0.0,0.0,0,0.0,0.0,0.0,0.0,0
1985,1,0.0,0,0,0.0,0.0,0,0.0,0.0,0.0,0.0,0
1986,0,0.0,0,0,0.0,0.0,0,0.0,0.0,0.0,0.0,0
1987,1,0.0,1,1,0.0,0.0,1,0.0,0.0,0.0,0.0,1
1988,0,0.0,0,0,0.0,0.0,0,0.0,0.0,0.0,0.0,0
1989,1,0.0,0,0,0.0,0.0,0,0.0,0.0,0.0,0.0,0
1990,1,0.0,1,1,0.0,0.0,1,0.0,0.0,0.0,0.0,1
1991,0,0.0,0,0,0.0,0.0,0,0.0,0.0,0.0,0.0,0
1992,0,0.0,1,1,0.0,0.0,1,0.0,0.0,0.0,0.0,1
1993,0,0.0,0,0,0.0,0.0,0,0.0,0.0,0.0,0.0,0
1994,0,0.0,0,0,0.0,0.0,0,0.0,0.0,0.0,0.0,0
1995,0,0.0,1,0,0.0,0.0,1,0.0,0.0,0.0,0.0,2
1996,0,0.0,0,0,0.0,0.0,0,0.0,0.0,0.0,0.0,0
1997,0,0.0,0,0,0.0,0.0,0,0.0,0.0,0.0,0.0,0
1998,0,0.0,1,0,0.0,0.0,0,0.0,0.0,0.0,0.0,2
1999,0,0.0,0,0,0.0,0.0,0,0.0,0.0,0.0,0.0,0
